./QF_LRA/meti-tarski/sin/problem/7/weak/sin-problem-7-weak-chunk-0063.smt2,real,31415928,7,3141592831415928,14,6,16,
./QF_LRA/meti-tarski/sin/problem/7/sin-problem-7-chunk-0012.smt2,real,31415928,7,3141592831415928,14,5,16,
./QF_LRA/meti-tarski/sqrt/1mcosq/8/sqrt-1mcosq-8-chunk-0012.smt2,real,31415928,7,3141592831415928,14,5,16,
./QF_LRA/meti-tarski/sin/problem/7/weak/sin-problem-7-weak-chunk-0036.smt2,real,31415928,7,3141592831415928,14,6,16,
./QF_LRA/meti-tarski/cbrt/3/weak/cbrt-problem-3-weak-chunk-0080.smt2,real,21,1,2121,1,4,3,
./QF_LRA/meti-tarski/polypaver/bench-exp-3d/polypaver-bench-exp-3d-chunk-0058.smt2,real,3,1,33,1,3,3,
./QF_LRA/meti-tarski/Chua/1/VC2/U/Chua-1-VC2-U-chunk-0057.smt2,real,14,1,1414,2,3,4,
./QF_LRA/meti-tarski/Chua/2/VC1/L/Chua-2-VC1-L-chunk-0080.smt2,real,442,2,442442,6,4,8,
./QF_LRA/meti-tarski/sin/problem/7/weak/sin-problem-7-weak-chunk-0044.smt2,real,31415928,7,3141592831415928,14,6,16,
./QF_LRA/meti-tarski/sin/problem/7/weak/sin-problem-7-weak-chunk-0051.smt2,real,31415928,7,3141592831415928,14,6,16,
./QF_LRA/meti-tarski/sin/problem/7/weak2/sin-problem-7-weak2-chunk-0031.smt2,real,31415928,7,3141592831415928,14,5,16,
./QF_LRA/meti-tarski/Chua/1/VC2/U/Chua-1-VC2-U-chunk-0028.smt2,real,14,1,1414,2,3,4,
./QF_LRA/meti-tarski/atan/problem/2/weak2/atan-problem-2-weak2-chunk-0119.smt2,real,2,1,22,1,2,3,
./QF_LRA/meti-tarski/Chua/2/IL/L/Chua-2-IL-L-chunk-0030.smt2,real,2025130728,9,20251307282025130728,25,6,27,
./QF_LRA/meti-tarski/atan/problem/2/weak2/atan-problem-2-weak2-chunk-0054.smt2,real,2,1,22,1,2,3,
./QF_LRA/meti-tarski/atan/problem/2/weak2/atan-problem-2-weak2-chunk-0038.smt2,real,2,1,22,1,2,3,
./QF_LRA/meti-tarski/sin/problem/7/weak2/sin-problem-7-weak2-chunk-0074.smt2,real,31415928,7,3141592831415928,14,5,16,
./QF_LRA/meti-tarski/sin/problem/7/weak/sin-problem-7-weak-chunk-0023.smt2,real,31415928,7,3141592831415928,14,6,16,
./QF_LRA/meti-tarski/sqrt/1mcosq/7/sqrt-1mcosq-7-chunk-0103.smt2,real,31415928,7,3141592831415928,14,5,16,
./QF_LRA/DTP-Scheduling/constraints-cooking03.smt2,real,18,1,1818,1,3,3,
./QF_LRA/meti-tarski/sin/problem/7/sin-problem-7-chunk-0040.smt2,real,31415928,7,3141592831415928,14,5,16,
./QF_LRA/meti-tarski/sin/problem/7/weak/sin-problem-7-weak-chunk-0008.smt2,real,31415928,7,3141592831415928,14,5,16,
./QF_LRA/meti-tarski/sin/problem/7/weak/sin-problem-7-weak-chunk-0021.smt2,real,31415928,7,3141592831415928,14,6,16,
./QF_LRA/DTP-Scheduling/constraints-tms-2-3-light-05.smt2,real,21,1,2121,1,3,3,
./QF_LRA/meti-tarski/sin/problem/7/weak/sin-problem-7-weak-chunk-0022.smt2,real,31415928,7,3141592831415928,14,6,16,
./QF_LRA/DTP-Scheduling/constraints-cooking09.smt2,real,18,1,1818,1,3,3,
./QF_LRA/meti-tarski/atan/problem/2/weak2/atan-problem-2-weak2-chunk-0014.smt2,real,2,1,22,1,2,3,
./QF_LRA/meti-tarski/polypaver/bench-exp-3d/polypaver-bench-exp-3d-chunk-0031.smt2,real,4,1,44,1,3,3,
./QF_LRA/meti-tarski/sqrt/1mcosq/7/sqrt-1mcosq-7-chunk-0014.smt2,real,31415928,7,3141592831415928,14,5,16,
./QF_LRA/meti-tarski/Chua/1/IL/L/Chua-1-IL-L-chunk-0005.smt2,real,290,2,290290,5,4,7,
./QF_LRA/meti-tarski/cbrt/3/cbrt-problem-3-chunk-0038.smt2,real,33,1,3333,1,4,3,
./QF_LRA/meti-tarski/sin/problem/7/weak2/sin-problem-7-weak2-chunk-0037.smt2,real,31415928,7,3141592831415928,14,5,16,
./QF_LRA/DTP-Scheduling/constraints-cooking11.smt2,real,18,1,1818,1,3,3,
./QF_LRA/meti-tarski/sin/problem/7/weak2/sin-problem-7-weak2-chunk-0032.smt2,real,31415928,7,3141592831415928,14,5,16,
./QF_LRA/meti-tarski/sin/problem/7/weak/sin-problem-7-weak-chunk-0004.smt2,real,3,1,33,1,2,3,
./QF_LRA/meti-tarski/sin/problem/7/weak2/sin-problem-7-weak2-chunk-0039.smt2,real,31415928,7,3141592831415928,14,5,16,
./QF_LRA/meti-tarski/Chua/1/VC2/L/Chua-1-VC2-L-chunk-0042.smt2,real,14,1,1414,2,3,4,
./QF_LRA/sc/sc-5.induction3.cvc.smt2,real,3,1,33,1,3,3,
./QF_LRA/meti-tarski/sin/problem/7/weak2/sin-problem-7-weak2-chunk-0027.smt2,real,31415928,7,3141592831415928,14,5,16,
./QF_LRA/meti-tarski/CMOS/CMOS-opamp-chunk-0015.smt2,real,31415928,7,3141592831415928,14,5,16,
./QF_LRA/meti-tarski/sin/problem/7/weak/sin-problem-7-weak-chunk-0006.smt2,real,31415928,7,3141592831415928,14,5,16,
./QF_LRA/meti-tarski/atan/problem/2/weak2/atan-problem-2-weak2-chunk-0004.smt2,real,2,1,22,1,2,3,
./QF_LRA/meti-tarski/CMOS/CMOS-opamp-chunk-0013.smt2,real,31415928,7,3141592831415928,14,5,16,
./QF_LRA/meti-tarski/atan/problem/2/weak2/atan-problem-2-weak2-chunk-0104.smt2,real,2,1,22,1,2,3,
./QF_LRA/DTP-Scheduling/constraints-cooking02.smt2,real,18,1,1818,1,3,3,
./QF_LRA/meti-tarski/sin/problem/8/weak/sin-problem-8-weak-chunk-0018.smt2,real,31415928,7,3141592831415928,14,5,16,
./QF_LRA/DTP-Scheduling/constraints-tempo-width-7.smt2,real,7,1,77,1,3,3,
./QF_LRA/DTP-Scheduling/constraints-tms-2-3-light-10.smt2,real,21,1,2121,1,3,3,
./QF_LRA/DTP-Scheduling/constraints-tempo-matrix2x2.pddl.smt2,real,7,1,77,1,3,3,
./QF_LRA/meti-tarski/polypaver/bench-exp-3d/polypaver-bench-exp-3d-chunk-0032.smt2,real,4,1,44,1,3,3,
./QF_LRA/meti-tarski/Chua/1/IL/U/Chua-1-IL-U-chunk-0035.smt2,real,236,2,236236,5,4,7,
./QF_LRA/meti-tarski/sin/problem/8/weak/sin-problem-8-weak-chunk-0008.smt2,real,31415928,7,3141592831415928,14,5,16,
./QF_LRA/meti-tarski/sqrt/1mcosq/7/sqrt-1mcosq-7-chunk-0120.smt2,real,31415928,7,3141592831415928,14,5,16,
./QF_LRA/meti-tarski/bottom-plate-mixer/bottom-plate-mixer-chunk-0051.smt2,real,366500001,8,366500001366500001,11,6,13,
./QF_LRA/meti-tarski/Chua/1/VC1/L/Chua-1-VC1-L-chunk-0058.smt2,real,1771,3,17711771,8,4,10,
./QF_LRA/sc/sc-10.induction.cvc.smt2,real,3,1,33,1,3,3,
./QF_LRA/meti-tarski/sqrt/1mcosq/7/sqrt-1mcosq-7-chunk-0068.smt2,real,31415928,7,3141592831415928,14,5,16,
./QF_LRA/2019-ezsmt/blending/23.smt2,real,20001,4,2000120001,6,5,8,
./QF_LRA/meti-tarski/CMOS/CMOS-opamp-chunk-0012.smt2,real,31415928,7,3141592831415928,14,5,16,
./QF_LRA/DTP-Scheduling/constraints-tempo-depth-4.smt2,real,7,1,77,1,3,3,
./QF_LRA/2019-ezsmt/blending/input01.txt.smt2,real,20001,4,2000120001,6,5,8,
./QF_LRA/sc/sc-7.induction2.cvc.smt2,real,3,1,33,1,3,3,
./QF_LRA/meti-tarski/sin/problem/7/weak2/sin-problem-7-weak2-chunk-0047.smt2,real,31415928,7,3141592831415928,14,5,16,
./QF_LRA/meti-tarski/atan/problem/2/weak2/atan-problem-2-weak2-chunk-0062.smt2,real,2,1,22,1,2,3,
./QF_LRA/DTP-Scheduling/constraints-temporal-machine-shop-2-3-A03.smt2,real,21,1,2121,1,3,3,
./QF_LRA/meti-tarski/sin/problem/7/sin-problem-7-chunk-0014.smt2,real,31415928,7,3141592831415928,14,5,16,
./QF_LRA/DTP-Scheduling/constraints-tempo-width-2.smt2,real,7,1,77,1,3,3,
./QF_LRA/DTP-Scheduling/constraints-tempo-width-9.smt2,real,7,1,77,1,3,3,
./QF_LRA/2019-ezsmt/blending/22.smt2,real,20001,4,2000120001,6,5,8,
./QF_LRA/meti-tarski/Chua/2/IL/L/Chua-2-IL-L-chunk-0071.smt2,real,2025130728,9,20251307282025130728,25,6,27,
./QF_LRA/meti-tarski/Chua/2/VC1/L/Chua-2-VC1-L-chunk-0082.smt2,real,442,2,442442,6,4,8,
./QF_LRA/DTP-Scheduling/constraints-tempo-depth-30.smt2,real,7,1,77,1,3,3,
./QF_LRA/meti-tarski/sin/problem/7/sin-problem-7-chunk-0026.smt2,real,31415928,7,3141592831415928,14,5,16,
./QF_LRA/meti-tarski/Chua/1/VC2/U/Chua-1-VC2-U-chunk-0043.smt2,real,14,1,1414,2,3,4,
./QF_LRA/meti-tarski/Chua/1/VC1/U/Chua-1-VC1-U-chunk-0035.smt2,real,1771,3,17711771,8,4,10,
./QF_LRA/DTP-Scheduling/constraints-cooking15.smt2,real,18,1,1818,1,3,3,
./QF_LRA/sc/sc-12.induction2.cvc.smt2,real,3,1,33,1,3,3,
./QF_LRA/sc/sc-6.induction.cvc.smt2,real,3,1,33,1,3,3,
./QF_LRA/uart/uart-10.induction.cvc.smt2,real,152,2,152152,3,4,5,
./QF_LRA/meti-tarski/sin/problem/7/weak2/sin-problem-7-weak2-chunk-0006.smt2,real,31415928,7,3141592831415928,14,5,16,
./QF_LRA/meti-tarski/atan/problem/2/weak2/atan-problem-2-weak2-chunk-0017.smt2,real,2,1,22,1,2,3,
./QF_LRA/sc/sc-15.induction2.cvc.smt2,real,3,1,33,1,3,3,
./QF_LRA/DTP-Scheduling/constraints-tempo-depth-50.smt2,real,7,1,77,1,3,3,
./QF_LRA/meti-tarski/sin/problem/7/sin-problem-7-chunk-0061.smt2,real,31415928,7,3141592831415928,14,5,16,
./QF_LRA/DTP-Scheduling/constraints-cooking04.smt2,real,18,1,1818,1,3,3,
./QF_LRA/sc/sc-16.induction.cvc.smt2,real,3,1,33,1,3,3,
./QF_LRA/sc/sc-9.induction3.cvc.smt2,real,3,1,33,1,3,3,
./QF_LRA/2019-ezsmt/blending/15.smt2,real,20001,4,2000120001,6,5,8,
./QF_LRA/meti-tarski/sin/problem/8/weak/sin-problem-8-weak-chunk-0009.smt2,real,31415928,7,3141592831415928,14,5,16,
./QF_LRA/meti-tarski/cbrt/3/weak/cbrt-problem-3-weak-chunk-0043.smt2,real,21,1,2121,1,4,3,
./QF_LRA/sc/sc-17.induction3.cvc.smt2,real,3,1,33,1,3,3,
./QF_LRA/DTP-Scheduling/constraints-tms-2-3-light-06.smt2,real,21,1,2121,1,3,3,
./QF_LRA/sc/sc-21.induction2.cvc.smt2,real,3,1,33,1,3,3,
./QF_LRA/DTP-Scheduling/constraints-temporal-machine-shop-2-3-A08.smt2,real,21,1,2121,1,3,3,
./QF_LRA/DTP-Scheduling/constraints-cooking01.smt2,real,18,1,1818,1,3,3,
./QF_LRA/sc/sc-12.induction.cvc.smt2,real,3,1,33,1,3,3,
./QF_LRA/DTP-Scheduling/constraints-tms-2-3-light-40.smt2,real,21,1,2121,1,3,3,
./QF_LRA/meti-tarski/atan/problem/2/weak2/atan-problem-2-weak2-chunk-0076.smt2,real,2,1,22,1,2,3,
./QF_LRA/2017-Heizmann-UltimateInvariantSynthesis/_hhk2008.c.i_3_3_2.bpl_7.smt2,real,2147483649,9,21474836492147483649,18,7,20,
./QF_LRA/sc/sc-18.induction2.cvc.smt2,real,3,1,33,1,3,3,
./QF_LRA/meti-tarski/sin/problem/8/sin-problem-8-chunk-0011.smt2,real,31415928,7,3141592831415928,14,5,16,
./QF_LRA/TM/p-0-bucket_s7.smt2,real,101,2,101101,3,4,5,
./QF_LRA/sc/sc-25.induction.cvc.smt2,real,3,1,33,1,3,3,
./QF_LRA/meti-tarski/CMOS/CMOS-opamp-chunk-0016.smt2,real,31415928,7,3141592831415928,14,5,16,
./QF_LRA/meti-tarski/polypaver/bench-exp-3d/polypaver-bench-exp-3d-chunk-0035.smt2,real,4,1,44,1,3,3,
./QF_LRA/DTP-Scheduling/constraints-temporal-machine-shop-2-3-A30.smt2,real,21,1,2121,1,3,3,
./QF_LRA/sc/sc-28.induction.cvc.smt2,real,3,1,33,1,3,3,
./QF_LRA/sc/sc-30.induction.cvc.smt2,real,3,1,33,1,3,3,
./QF_LRA/meti-tarski/Chua/1/IL/U/Chua-1-IL-U-chunk-0030.smt2,real,236,2,236236,5,4,7,
./QF_LRA/meti-tarski/polypaver/bench-exp-3d/polypaver-bench-exp-3d-chunk-0048.smt2,real,3,1,33,1,3,3,
./QF_LRA/sc/sc-28.induction3.cvc.smt2,real,3,1,33,1,3,3,
./QF_LRA/sc/sc-25.induction2.cvc.smt2,real,3,1,33,1,3,3,
./QF_LRA/miplib/pp08a-12000.smt2,real,12001,4,1200112001,4,5,6,
./QF_LRA/uart/uart-23.induction.cvc.smt2,real,152,2,152152,3,4,5,
./QF_LRA/sc/sc-24.induction2.cvc.smt2,real,3,1,33,1,3,3,
./QF_LRA/LassoRanker/Ultimate/CooperatingT2_consts1.bpl_Iteration1_Lasso_6-phaseTemplate.smt2,real,301,2,301301,4,5,6,
./QF_LRA/tta_startup/simple_startup_8nodes.bug.induct.smt2,real,70,1,7070,1,4,3,
./QF_LRA/sc/sc-9.induction.cvc.smt2,real,3,1,33,1,3,3,
./QF_LRA/DTP-Scheduling/constraints-tempo-width-20.smt2,real,7,1,77,1,3,3,
./QF_LRA/sc/sc-27.induction2.cvc.smt2,real,3,1,33,1,3,3,
./QF_LRA/sc/sc-28.induction2.cvc.smt2,real,3,1,33,1,3,3,
./QF_LRA/DTP-Scheduling/constraints-temporal-machine-shop-2-3-A20.smt2,real,21,1,2121,1,3,3,
./QF_LRA/sc/sc-34.induction.cvc.smt2,real,3,1,33,1,3,3,
./QF_LRA/sc/sc-37.induction.cvc.smt2,real,3,1,33,1,3,3,
./QF_LRA/DTP-Scheduling/constraints-temporal-machine-shop-2-3-A09.smt2,real,21,1,2121,1,3,3,
./QF_LRA/sc/sc-14.induction.cvc.smt2,real,3,1,33,1,3,3,
./QF_LRA/TM/p-0-bucket_s10.smt2,real,101,2,101101,3,4,5,
./QF_LRA/meti-tarski/asin/8/asin-8-chunk-0030.smt2,real,31415928,7,3141592831415928,14,5,16,
./QF_LRA/sc/sc-36.induction2.cvc.smt2,real,3,1,33,1,3,3,
./QF_LRA/DTP-Scheduling/constraints-cooking20.smt2,real,18,1,1818,1,3,3,
./QF_LRA/meti-tarski/cbrt/3/cbrt-problem-3-chunk-0071.smt2,real,2,1,22,1,3,3,
./QF_LRA/meti-tarski/polypaver/bench-exp-3d/polypaver-bench-exp-3d-chunk-0057.smt2,real,3,1,33,1,3,3,
./QF_LRA/meti-tarski/Chua/1/VC2/L/Chua-1-VC2-L-chunk-0030.smt2,real,14,1,1414,2,3,4,
./QF_LRA/sc/sc-40.induction3.cvc.smt2,real,3,1,33,1,3,3,
./QF_LRA/DTP-Scheduling/constraints-tempo-matrix6x6.pddl.smt2,real,7,1,77,1,3,3,
./QF_LRA/meti-tarski/polypaver/bench-exp-3d/polypaver-bench-exp-3d-chunk-0039.smt2,real,4,1,44,1,3,3,
./QF_LRA/LassoRanker/Ultimate/MenloPark.bpl_Iteration1_Lasso_7-phaseTemplate.smt2,real,101,2,101101,4,5,6,
./QF_LRA/meti-tarski/polypaver/bench-exp-3d/polypaver-bench-exp-3d-chunk-0089.smt2,real,-8,1,-8-8,1,3,3,
./QF_LRA/DTP-Scheduling/constraints-cooking05.smt2,real,18,1,1818,1,3,3,
./QF_LRA/meti-tarski/asin/8/asin-8-chunk-0032.smt2,real,31415928,7,3141592831415928,14,5,16,
./QF_LRA/meti-tarski/sqrt/1mcosq/7/sqrt-1mcosq-7-chunk-0092.smt2,real,31415928,7,3141592831415928,14,5,16,
./QF_LRA/meti-tarski/Chua/1/IL/L/Chua-1-IL-L-chunk-0013.smt2,real,290,2,290290,5,4,7,
./QF_LRA/DTP-Scheduling/constraints-cooking22.smt2,real,18,1,1818,1,3,3,
./QF_LRA/sc/sc-38.induction3.cvc.smt2,real,3,1,33,1,3,3,
./QF_LRA/meti-tarski/Chua/1/VC2/L/Chua-1-VC2-L-chunk-0056.smt2,real,1001,3,10011001,4,4,6,
./QF_LRA/LassoRanker/SV-COMP/LeeJonesBen-Amram-2001POPL-Ex6_true-termination.c_Iteration2_Lasso_6-phaseTemplate.smt2,real,2,1,22,1,3,3,
./QF_LRA/meti-tarski/Chua/1/VC1/L/Chua-1-VC1-L-chunk-0012.smt2,real,1771,3,17711771,8,4,10,
./QF_LRA/meti-tarski/Chua/1/IL/L/Chua-1-IL-L-chunk-0008.smt2,real,290,2,290290,5,4,7,
./QF_LRA/tta_startup/simple_startup_10nodes.bug.induct.smt2,real,88,1,8888,1,4,3,
./QF_LRA/meti-tarski/atan/problem/2/weak2/atan-problem-2-weak2-chunk-0107.smt2,real,2,1,22,1,2,3,
./QF_LRA/meti-tarski/atan/problem/1/weak/atan-problem-1-weak-chunk-0021.smt2,real,4,1,44,1,3,3,
./QF_LRA/sal/tgc/tgc_io-safe-18.smt2,real,6,1,66,1,3,3,
./QF_LRA/sc/sc-22.induction.cvc.smt2,real,3,1,33,1,3,3,
./QF_LRA/uart/uart-33.induction.cvc.smt2,real,152,2,152152,3,4,5,
./QF_LRA/meti-tarski/sin/problem/7/weak/sin-problem-7-weak-chunk-0065.smt2,real,31415928,7,3141592831415928,14,6,16,
./QF_LRA/sc/sc-39.induction3.cvc.smt2,real,3,1,33,1,3,3,
./QF_LRA/LassoRanker/Ultimate/CooperatingT2_consts1.bpl_Iteration1_Lasso_3-pieceTemplate.smt2,real,301,2,301301,4,5,6,
./QF_LRA/sc/sc-23.induction3.cvc.smt2,real,3,1,33,1,3,3,
./QF_LRA/DTP-Scheduling/constraints-tempo-matrix1x1.pddl.smt2,real,7,1,77,1,3,3,
./QF_LRA/LassoRanker/Ultimate/GulwaniResetBranchOnly.bpl_Iteration1_Lasso_6-phaseTemplate.smt2,real,2,1,22,1,3,3,
./QF_LRA/meti-tarski/Chua/1/VC2/L/Chua-1-VC2-L-chunk-0035.smt2,real,14,1,1414,2,3,4,
./QF_LRA/miplib/vpm2-20.smt2,real,801,2,801801,4,5,6,
./QF_LRA/tta_startup/simple_startup_12nodes.bug.induct.smt2,real,106,2,106106,2,4,4,
./QF_LRA/uart/uart-39.induction.cvc.smt2,real,152,2,152152,3,4,5,
./QF_LRA/meti-tarski/Chua/1/IL/L/Chua-1-IL-L-chunk-0010.smt2,real,290,2,290290,5,4,7,
./QF_LRA/uart/uart-35.induction.cvc.smt2,real,152,2,152152,3,4,5,
./QF_LRA/meti-tarski/sqrt/1mcosq/8/sqrt-1mcosq-8-chunk-0417.smt2,real,31415928,7,3141592831415928,14,5,16,
./QF_LRA/sal/tgc/tgc_io-safe-17.smt2,real,6,1,66,1,3,3,
./QF_LRA/uart/uart-32.induction.cvc.smt2,real,152,2,152152,3,4,5,
./QF_LRA/2019-ezsmt/blending/11.smt2,real,20001,4,2000120001,6,5,8,
./QF_LRA/tta_startup/simple_startup_12nodes.missing.induct.smt2,real,106,2,106106,2,4,4,
./QF_LRA/TM/p3-driverlogNumeric_s8.smt2,real,912,2,912912,2,5,4,
./QF_LRA/meti-tarski/cbrt/3/weak/cbrt-problem-3-weak-chunk-0067.smt2,real,21,1,2121,1,4,3,
./QF_LRA/sc/sc-20.induction3.cvc.smt2,real,3,1,33,1,3,3,
./QF_LRA/meti-tarski/Chua/1/IL/L/Chua-1-IL-L-chunk-0011.smt2,real,290,2,290290,5,4,7,
./QF_LRA/sc/sc-27.induction.cvc.smt2,real,3,1,33,1,3,3,
./QF_LRA/tta_startup/simple_startup_14nodes.missing.induct.smt2,real,124,2,124124,2,4,4,
./QF_LRA/meti-tarski/sin/problem/7/weak/sin-problem-7-weak-chunk-0056.smt2,real,31415928,7,3141592831415928,14,6,16,
./QF_LRA/sc/sc-31.induction.cvc.smt2,real,3,1,33,1,3,3,
./QF_LRA/LassoRanker/CooperatingT2/eric2.t2.c_Iteration3_Loop_7-phaseTemplate.smt2,real,2,1,22,1,3,3,
./QF_LRA/meti-tarski/bottom-plate-mixer/bottom-plate-mixer-chunk-0019.smt2,real,366500001,8,366500001366500001,14,5,16,
./QF_LRA/meti-tarski/cbrt/3/cbrt-problem-3-chunk-0047.smt2,real,3,1,33,1,3,3,
./QF_LRA/meti-tarski/atan/problem/2/weak2/atan-problem-2-weak2-chunk-0005.smt2,real,2,1,22,1,2,3,
./QF_LRA/meti-tarski/sqrt/1mcosq/7/sqrt-1mcosq-7-chunk-0067.smt2,real,31415928,7,3141592831415928,14,5,16,
./QF_LRA/tta_startup/simple_startup_9nodes.bug.induct.smt2,real,79,1,7979,1,4,3,
./QF_LRA/DTP-Scheduling/constraints-tempo-depth-7.smt2,real,7,1,77,1,3,3,
./QF_LRA/meti-tarski/Chua/1/IL/L/Chua-1-IL-L-chunk-0142.smt2,real,12501,4,1250112501,7,5,9,
./QF_LRA/LassoRanker/SV-COMP/LeeJonesBen-Amram-2001POPL-Ex6_true-termination.c_Iteration1_Lasso_4-pieceTemplate.smt2,real,2,1,22,1,3,3,
./QF_LRA/meti-tarski/sin/344/4/sin-344-4-chunk-0016.smt2,real,11,1,1111,1,4,3,
./QF_LRA/DTP-Scheduling/constraints-cooking19.smt2,real,18,1,1818,1,3,3,
./QF_LRA/meti-tarski/atan/problem/2/weak2/atan-problem-2-weak2-chunk-0051.smt2,real,2,1,22,1,2,3,
./QF_LRA/LassoRanker/SV-COMP/LeeJonesBen-Amram-2001POPL-Ex6_true-termination.c_Iteration1_Lasso_7-phaseTemplate.smt2,real,2,1,22,1,3,3,
./QF_LRA/meti-tarski/bottom-plate-mixer/bottom-plate-mixer-chunk-0008.smt2,real,10000001,7,1000000110000001,13,5,15,
./QF_LRA/DTP-Scheduling/constraints-tempo-matrix8x8.pddl.smt2,real,7,1,77,1,3,3,
./QF_LRA/meti-tarski/Chua/1/VC2/L/Chua-1-VC2-L-chunk-0008.smt2,real,290,2,290290,3,4,5,
./QF_LRA/DTP-Scheduling/constraints-tms-2-3-light-90.smt2,real,21,1,2121,1,3,3,
./QF_LRA/meti-tarski/CMOS/CMOS-opamp-chunk-0007.smt2,real,121,2,121121,2,4,4,
./QF_LRA/sc/sc-15.induction3.cvc.smt2,real,3,1,33,1,3,3,
./QF_LRA/sc/sc-10.induction2.cvc.smt2,real,3,1,33,1,3,3,
./QF_LRA/uart/uart-7.induction.cvc.smt2,real,152,2,152152,3,4,5,
./QF_LRA/LassoRanker/SV-COMP/LeeJonesBen-Amram-2001POPL-Ex6_true-termination.c_Iteration2_Lasso_7-phaseTemplate.smt2,real,2,1,22,1,3,3,
./QF_LRA/LassoRanker/Ultimate/GulwaniResetBranchOnly.bpl_Iteration1_Lasso_4-pieceTemplate.smt2,real,2,1,22,1,3,3,
./QF_LRA/TM/p-2-bucket_s11.smt2,real,41,1,4141,1,4,3,
./QF_LRA/miplib/opt1217--1.smt2,real,385,2,385385,2,5,4,
./QF_LRA/miplib/opt1217--11.smt2,real,385,2,385385,2,5,4,
./QF_LRA/meti-tarski/sin/problem/8/weak/sin-problem-8-weak-chunk-0037.smt2,real,31415928,7,3141592831415928,14,5,16,
./QF_LRA/2017-Heizmann-UltimateInvariantSynthesis/_simple4.i_3_4_2.bpl_11.smt2,real,4294967296,9,42949672964294967296,18,7,20,
./QF_LRA/sc/sc-15.induction.cvc.smt2,real,3,1,33,1,3,3,
./QF_LRA/TM/p4-zenonumeric_s5.smt2,real,19965,4,1996519965,4,5,6,
./QF_LRA/sal/tgc/tgc_io-safe-19.smt2,real,6,1,66,1,3,3,
./QF_LRA/latendresse/ecoliFBAyicesTest-31875-32.smt2,real,200852,5,200852200852,13,5,15,
./QF_LRA/LassoRanker/CooperatingT2/polyrank6.t2.c_Iteration1_Loop_7-phaseTemplate.smt2,real,2,1,22,1,3,3,
./QF_LRA/meti-tarski/sqrt/1mcosq/7/sqrt-1mcosq-7-chunk-0065.smt2,real,31415928,7,3141592831415928,14,5,16,
./QF_LRA/sc/sc-6.induction3.cvc.smt2,real,3,1,33,1,3,3,
./QF_LRA/LassoRanker/Ultimate/Gothenburg.bpl_Iteration1_Lasso_7-phaseTemplate.smt2,real,2,1,22,1,3,3,
./QF_LRA/TM/p4-driverlogNumeric_s8.smt2,real,708,2,708708,2,5,4,
./QF_LRA/sc/sc-34.induction3.cvc.smt2,real,3,1,33,1,3,3,
./QF_LRA/sal/windowreal/windowreal-safe-3.smt2,real,11,1,1111,1,3,3,
./QF_LRA/uart/uart-9.induction.cvc.smt2,real,152,2,152152,3,4,5,
./QF_LRA/meti-tarski/atan/problem/1/weak/atan-problem-1-weak-chunk-0019.smt2,real,4,1,44,1,3,3,
./QF_LRA/DTP-Scheduling/constraints-tempo-width-60.smt2,real,7,1,77,1,3,3,
./QF_LRA/meti-tarski/sin/problem/7/sin-problem-7-chunk-0030.smt2,real,31415928,7,3141592831415928,14,5,16,
./QF_LRA/miplib/fixnet-5000.smt2,real,5001,3,50015001,3,5,5,
./QF_LRA/meti-tarski/sin/problem/7/weak/sin-problem-7-weak-chunk-0013.smt2,real,31415928,7,3141592831415928,14,5,16,
./QF_LRA/2017-Heizmann-UltimateInvariantSynthesis/_standard_two_index_04.i_3_2_2.bpl_11.smt2,real,100001,5,100001100001,10,6,12,
./QF_LRA/meti-tarski/Arthan/1A/Arthan1A-chunk-0015.smt2,real,31415928,7,3141592831415928,14,5,16,
./QF_LRA/LassoRanker/CooperatingT2/toeplz.c.i.toeplz.pl.t2.fixed.t2.c_Iteration9_Loop_7-phaseTemplate.smt2,real,2,1,22,1,3,3,
./QF_LRA/sc/sc-11.induction3.cvc.smt2,real,3,1,33,1,3,3,
./QF_LRA/LassoRanker/CooperatingT2/mc91test.t2.c_Iteration6_Loop_4-pieceTemplate.smt2,real,2,1,22,1,3,3,
./QF_LRA/sc/sc-30.induction2.cvc.smt2,real,3,1,33,1,3,3,
./QF_LRA/DTP-Scheduling/constraints-temporal-machine-shop-2-3-A60.smt2,real,21,1,2121,1,3,3,
./QF_LRA/meti-tarski/sin/problem/7/weak2/sin-problem-7-weak2-chunk-0036.smt2,real,31415928,7,3141592831415928,14,5,16,
./QF_LRA/DTP-Scheduling/constraints-cooking16.smt2,real,18,1,1818,1,3,3,
./QF_LRA/meti-tarski/sqrt/1mcosq/7/sqrt-1mcosq-7-chunk-0082.smt2,real,31415928,7,3141592831415928,14,5,16,
./QF_LRA/2017-Heizmann-UltimateInvariantSynthesis/_standard_init7_ground.i_3_2_2.bpl_7.smt2,real,100001,5,100001100001,10,6,12,
./QF_LRA/meti-tarski/sin/problem/7/weak/sin-problem-7-weak-chunk-0041.smt2,real,31415928,7,3141592831415928,14,5,16,
./QF_LRA/sc/sc-12.induction3.cvc.smt2,real,3,1,33,1,3,3,
./QF_LRA/meti-tarski/cbrt/3/weak/cbrt-problem-3-weak-chunk-0047.smt2,real,33,1,3333,1,4,3,
./QF_LRA/meti-tarski/Chua/1/VC1/L/Chua-1-VC1-L-chunk-0005.smt2,real,1771,3,17711771,8,4,10,
./QF_LRA/meti-tarski/sin/problem/7/weak/sin-problem-7-weak-chunk-0035.smt2,real,31415928,7,3141592831415928,14,6,16,
./QF_LRA/meti-tarski/atan/problem/2/weak2/atan-problem-2-weak2-chunk-0026.smt2,real,2,1,22,1,2,3,
./QF_LRA/DTP-Scheduling/constraints-tempo-depth-40.smt2,real,7,1,77,1,3,3,
./QF_LRA/meti-tarski/sin/problem/7/weak/sin-problem-7-weak-chunk-0069.smt2,real,31415928,7,3141592831415928,14,6,16,
./QF_LRA/LassoRanker/CooperatingT2/smagillc-fail.t2.c_Iteration1_Loop_7-phaseTemplate.smt2,real,3,1,33,1,3,3,
./QF_LRA/tropical-matrix/constraint-269735.smt2,real,1,1,11,1,2,3,
./QF_LRA/meti-tarski/polypaver/bench-exp-3d/polypaver-bench-exp-3d-chunk-0018.smt2,real,2,1,22,1,3,3,
./QF_LRA/meti-tarski/sin/problem/7/weak/sin-problem-7-weak-chunk-0024.smt2,real,31415928,7,3141592831415928,14,6,16,
./QF_LRA/uart/uart-8.induction.cvc.smt2,real,152,2,152152,3,4,5,
./QF_LRA/meti-tarski/sin/problem/7/weak2/sin-problem-7-weak2-chunk-0041.smt2,real,31415928,7,3141592831415928,14,5,16,
./QF_LRA/2017-Heizmann-UltimateInvariantSynthesis/_sorting_bubblesort_ground.i_4_3_3.bpl_11.smt2,real,100001,5,100001100001,10,6,12,
./QF_LRA/meti-tarski/sin/problem/7/sin-problem-7-chunk-0005.smt2,real,3,1,33,1,2,3,
./QF_LRA/uart/uart-5.induction.cvc.smt2,real,152,2,152152,3,4,5,
./QF_LRA/TM/p-3-bucket_s10.smt2,real,501,2,501501,3,4,5,
./QF_LRA/2017-Heizmann-UltimateInvariantSynthesis/_array_monotonic.i_3_2_2.bpl_11.smt2,real,100001,5,100001100001,10,6,12,
./QF_LRA/TM/p5-zenonumeric_s7.smt2,real,4840,3,48404840,3,5,5,
./QF_LRA/DTP-Scheduling/constraints-temporal-machine-shop-2-3-A40.smt2,real,21,1,2121,1,3,3,
./QF_LRA/meti-tarski/Chua/1/VC1/L/Chua-1-VC1-L-chunk-0013.smt2,real,1771,3,17711771,8,4,10,
./QF_LRA/tta_startup/simple_startup_4nodes.bug.induct.smt2,real,34,1,3434,1,4,3,
./QF_LRA/sc/sc-19.induction2.cvc.smt2,real,3,1,33,1,3,3,
./QF_LRA/LassoRanker/Ultimate/SanDiego.bpl_Iteration1_Loop_4-pieceTemplate.smt2,real,201,2,201201,4,5,6,
./QF_LRA/meti-tarski/sin/problem/8/weak/sin-problem-8-weak-chunk-0014.smt2,real,31415928,7,3141592831415928,14,5,16,
./QF_LRA/meti-tarski/cbrt/3/weak/cbrt-problem-3-weak-chunk-0053.smt2,real,21,1,2121,1,4,3,
./QF_LRA/sc/sc-25.induction3.cvc.smt2,real,3,1,33,1,3,3,
./QF_LRA/meti-tarski/Chua/1/IL/L/Chua-1-IL-L-chunk-0043.smt2,real,236,2,236236,5,4,7,
./QF_LRA/LassoRanker/Ultimate/Gcd.bpl_Iteration1_Lasso_7-phaseTemplate.smt2,real,2,1,22,1,3,3,
./QF_LRA/sal/carpark/Carpark2-ausgabe-8.smt2,real,51,1,5151,2,4,4,
./QF_LRA/LassoRanker/Ultimate/yPositive-SIscaled50.bpl_Iteration1_Loop_5-phaseTemplate.smt2,real,2,1,22,1,3,3,
./QF_LRA/TM/p3-zenonumeric_s5.smt2,real,9075,3,90759075,3,5,5,
./QF_LRA/sc/sc-22.induction2.cvc.smt2,real,3,1,33,1,3,3,
./QF_LRA/meti-tarski/sin/problem/7/weak/sin-problem-7-weak-chunk-0031.smt2,real,31415928,7,3141592831415928,14,6,16,
./QF_LRA/meti-tarski/polypaver/bench-exp-3d/polypaver-bench-exp-3d-chunk-0043.smt2,real,15,1,1515,1,3,3,
./QF_LRA/miplib/opt1217--6.smt2,real,385,2,385385,2,5,4,
./QF_LRA/DTP-Scheduling/constraints-tempo-matrix7x7.pddl.smt2,real,7,1,77,1,3,3,
./QF_LRA/uart/uart-26.induction.cvc.smt2,real,152,2,152152,3,4,5,
./QF_LRA/LassoRanker/CooperatingT2/ludcmp.t2.c_Iteration7_Loop_7-phaseTemplate.smt2,real,2,1,22,1,3,3,
./QF_LRA/DTP-Scheduling/constraints-cooking18.smt2,real,18,1,1818,1,3,3,
./QF_LRA/meti-tarski/bottom-plate-mixer/bottom-plate-mixer-chunk-0006.smt2,real,10000001,7,1000000110000001,13,5,15,
./QF_LRA/meti-tarski/sin/cos/sin-cos-346-b-chunk-0009.smt2,real,31415928,7,3141592831415928,14,5,16,
./QF_LRA/meti-tarski/sin/problem/7/weak2/sin-problem-7-weak2-chunk-0038.smt2,real,31415928,7,3141592831415928,14,5,16,
./QF_LRA/TM/p7-driverlogNumeric_s8.smt2,real,871,2,871871,2,5,4,
./QF_LRA/DTP-Scheduling/constraints-cooking08.smt2,real,18,1,1818,1,3,3,
./QF_LRA/LassoRanker/CooperatingT2/toeplz.t2.c_Iteration9_Loop_7-phaseTemplate.smt2,real,2,1,22,1,3,3,
./QF_LRA/sc/sc-40.induction.cvc.smt2,real,3,1,33,1,3,3,
./QF_LRA/meti-tarski/atan/problem/2/weak2/atan-problem-2-weak2-chunk-0034.smt2,real,2,1,22,1,2,3,
./QF_LRA/TM/p7-driverlogNumeric_s7.smt2,real,867,2,867867,2,5,4,
./QF_LRA/meti-tarski/polypaver/bench-exp-3d/polypaver-bench-exp-3d-chunk-0144.smt2,real,3,1,33,1,3,3,
./QF_LRA/meti-tarski/sin/problem/7/weak2/sin-problem-7-weak2-chunk-0021.smt2,real,31415928,7,3141592831415928,14,5,16,
./QF_LRA/LassoRanker/CooperatingT2/selectSort.t2.c_Iteration3_Loop_7-phaseTemplate.smt2,real,2,1,22,1,3,3,
./QF_LRA/meti-tarski/CMOS/CMOS-opamp-chunk-0010.smt2,real,121,2,121121,2,4,4,
./QF_LRA/LassoRanker/SV-COMP/LeeJonesBen-Amram-2001POPL-Ex2_true-termination.c_Iteration1_Lasso_4-pieceTemplate.smt2,real,2,1,22,1,3,3,
./QF_LRA/sc/sc-29.induction.cvc.smt2,real,3,1,33,1,3,3,
./QF_LRA/LassoRanker/CooperatingT2/consts1.t2.c_Iteration1_Lasso_4-pieceTemplate.smt2,real,301,2,301301,4,5,6,
./QF_LRA/meti-tarski/sqrt/1mcosq/8/sqrt-1mcosq-8-chunk-0037.smt2,real,31415928,7,3141592831415928,14,5,16,
./QF_LRA/tta_startup/simple_startup_15nodes.missing.induct.smt2,real,133,2,133133,2,4,4,
./QF_LRA/meti-tarski/sin/problem/8/weak/sin-problem-8-weak-chunk-0021.smt2,real,31415928,7,3141592831415928,14,5,16,
./QF_LRA/meti-tarski/Chua/2/VC1/L/Chua-2-VC1-L-chunk-0051.smt2,real,442,2,442442,6,4,8,
./QF_LRA/DTP-Scheduling/constraints-cooking12.smt2,real,18,1,1818,1,3,3,
./QF_LRA/meti-tarski/sin/problem/7/weak/sin-problem-7-weak-chunk-0058.smt2,real,31415928,7,3141592831415928,14,6,16,
./QF_LRA/LassoRanker/SV-COMP/joey_false-termination.c_Iteration1_Loop_7-phaseTemplate.smt2,real,4,1,44,1,3,3,
./QF_LRA/meti-tarski/sin/problem/7/weak/sin-problem-7-weak-chunk-0054.smt2,real,31415928,7,3141592831415928,14,6,16,
./QF_LRA/tta_startup/simple_startup_15nodes.bug.induct.smt2,real,133,2,133133,2,4,4,
./QF_LRA/meti-tarski/sin/problem/7/weak/sin-problem-7-weak-chunk-0025.smt2,real,31415928,7,3141592831415928,14,6,16,
./QF_LRA/miplib/opt1217--57.smt2,real,385,2,385385,2,5,4,
./QF_LRA/2019-ezsmt/blending/25.smt2,real,20001,4,2000120001,6,5,8,
./QF_LRA/meti-tarski/sin/problem/7/sin-problem-7-chunk-0052.smt2,real,31415928,7,3141592831415928,14,5,16,
./QF_LRA/miplib/pk1-100.smt2,real,732,2,732732,2,5,4,
./QF_LRA/2019-ezsmt/blending/27.smt2,real,20001,4,2000120001,6,5,8,
./QF_LRA/sc/sc-16.induction3.cvc.smt2,real,3,1,33,1,3,3,
./QF_LRA/meti-tarski/bottom-plate-mixer/bottom-plate-mixer-chunk-0014.smt2,real,366500001,8,366500001366500001,14,5,16,
./QF_LRA/LassoRanker/Ultimate/Gcd_havoc.bpl_Iteration1_Lasso_6-phaseTemplate.smt2,real,2,1,22,1,3,3,
./QF_LRA/uart/uart-17.induction.cvc.smt2,real,152,2,152152,3,4,5,
./QF_LRA/sc/sc-5.induction.cvc.smt2,real,3,1,33,1,3,3,
./QF_LRA/meti-tarski/sin/problem/7/weak2/sin-problem-7-weak2-chunk-0007.smt2,real,31415928,7,3141592831415928,14,5,16,
./QF_LRA/meti-tarski/atan/problem/2/weak/atan-problem-2-weak-chunk-0203.smt2,real,3,1,33,1,3,3,
./QF_LRA/DTP-Scheduling/constraints-tms-2-3-light-20.smt2,real,21,1,2121,1,3,3,
./QF_LRA/sc/sc-24.induction3.cvc.smt2,real,3,1,33,1,3,3,
./QF_LRA/meti-tarski/sin/problem/7/weak2/sin-problem-7-weak2-chunk-0004.smt2,real,3,1,33,1,2,3,
./QF_LRA/meti-tarski/bottom-plate-mixer/bottom-plate-mixer-chunk-0034.smt2,real,10000001,7,1000000110000001,13,5,15,
./QF_LRA/meti-tarski/sqrt/1mcosq/7/sqrt-1mcosq-7-chunk-0064.smt2,real,31415928,7,3141592831415928,14,5,16,
./QF_LRA/meti-tarski/sin/problem/7/weak/sin-problem-7-weak-chunk-0016.smt2,real,31415928,7,3141592831415928,14,5,16,
./QF_LRA/LassoRanker/Ultimate/SyntaxSupportBooleans5.bpl_Iteration1_Loop_4-pieceTemplate.smt2,real,2,1,22,1,3,3,
./QF_LRA/tropical-matrix/constraint-251380.smt2,real,1,1,11,1,2,3,
./QF_LRA/sc/sc-21.induction3.cvc.smt2,real,3,1,33,1,3,3,
./QF_LRA/LassoRanker/Ultimate/Braverman-2006CAV-Ex1-int.bpl_Iteration1_Loop_7-phaseTemplate.smt2,real,5,1,55,1,3,3,
./QF_LRA/meti-tarski/sin/problem/7/weak/sin-problem-7-weak-chunk-0010.smt2,real,31415928,7,3141592831415928,14,5,16,
./QF_LRA/meti-tarski/Chua/1/VC1/L/Chua-1-VC1-L-chunk-0006.smt2,real,1771,3,17711771,8,4,10,
./QF_LRA/meti-tarski/bottom-plate-mixer/bottom-plate-mixer-chunk-0011.smt2,real,10000001,7,1000000110000001,13,5,15,
./QF_LRA/meti-tarski/atan/problem/1/atan-problem-1-chunk-0015.smt2,real,4,1,44,1,3,3,
./QF_LRA/TM/p6-zenonumeric_s7.smt2,real,17123,4,1712317123,4,5,6,
./QF_LRA/meti-tarski/sqrt/1mcosq/8/sqrt-1mcosq-8-chunk-0011.smt2,real,31415928,7,3141592831415928,14,5,16,
./QF_LRA/sc/sc-13.induction.cvc.smt2,real,3,1,33,1,3,3,
./QF_LRA/meti-tarski/sin/problem/7/weak2/sin-problem-7-weak2-chunk-0069.smt2,real,31415928,7,3141592831415928,14,5,16,
./QF_LRA/LassoRanker/CooperatingT2/fun4.t2.c_Iteration1_Lasso_4-pieceTemplate.smt2,real,4,1,44,1,3,3,
./QF_LRA/DTP-Scheduling/constraints-tms-2-3-light-30.smt2,real,21,1,2121,1,3,3,
./QF_LRA/LassoRanker/CooperatingT2/sas2.t2.c_Iteration1_Lasso_5-phaseTemplate.smt2,real,5,1,55,1,3,3,
./QF_LRA/meti-tarski/sin/problem/7/weak2/sin-problem-7-weak2-chunk-0033.smt2,real,31415928,7,3141592831415928,14,5,16,
./QF_LRA/LassoRanker/Ultimate/GcdNew.bpl_Iteration1_Lasso_5-phaseTemplate.smt2,real,2,1,22,1,3,3,
./QF_LRA/LassoRanker/CooperatingT2/elmhes.t2.c_Iteration4_Loop_7-phaseTemplate.smt2,real,2,1,22,1,3,3,
./QF_LRA/meti-tarski/cbrt/3/weak/cbrt-problem-3-weak-chunk-0055.smt2,real,21,1,2121,1,4,3,
./QF_LRA/meti-tarski/sin/344/3/sin-344-3-weak-chunk-0029.smt2,real,12,1,1212,2,3,4,
./QF_LRA/meti-tarski/cbrt/3/weak/cbrt-problem-3-weak-chunk-0044.smt2,real,21,1,2121,1,4,3,
./QF_LRA/LassoRanker/CooperatingT2/wrong_loop.t2.c_Iteration3_Loop_7-phaseTemplate.smt2,real,7,1,77,1,3,3,
./QF_LRA/LassoRanker/Ultimate/Gcd.bpl_Iteration1_Lasso_4-pieceTemplate.smt2,real,2,1,22,1,3,3,
./QF_LRA/LassoRanker/Ultimate/bound-scaled200.bpl_Iteration1_Loop_6-phaseTemplate.smt2,real,2,1,22,1,3,3,
./QF_LRA/DTP-Scheduling/constraints-tempo-width-4.smt2,real,7,1,77,1,3,3,
./QF_LRA/LassoRanker/CooperatingT2/p-55.t2.c_Iteration3_Loop_7-phaseTemplate.smt2,real,2,1,22,1,3,3,
./QF_LRA/meti-tarski/sin/cos/sin-cos-346-b-chunk-0137.smt2,real,31415928,7,3141592831415928,14,5,16,
./QF_LRA/sc/sc-20.induction2.cvc.smt2,real,3,1,33,1,3,3,
./QF_LRA/LassoRanker/SV-COMP/LeeJonesBen-Amram-2001POPL-Ex5_true-termination.c_Iteration2_Lasso_3-pieceTemplate.smt2,real,2,1,22,1,3,3,
./QF_LRA/DTP-Scheduling/constraints-tempo-depth-100.smt2,real,7,1,77,1,3,3,
./QF_LRA/LassoRanker/CooperatingT2/ludcmp.t2.c_Iteration9_Loop_6-phaseTemplate.smt2,real,2,1,22,1,3,3,
./QF_LRA/sc/sc-18.induction.cvc.smt2,real,3,1,33,1,3,3,
./QF_LRA/LassoRanker/CooperatingT2/p-43.t2.c_Iteration5_Loop_7-phaseTemplate.smt2,real,4,1,44,1,3,3,
./QF_LRA/LassoRanker/CooperatingT2/p-55.t2.c_Iteration2_Loop_4-pieceTemplate.smt2,real,2,1,22,1,3,3,
./QF_LRA/LassoRanker/CooperatingT2/firewire.t2.c_Iteration1_Lasso_3-phaseTemplate.smt2,real,2,1,22,1,3,3,
./QF_LRA/LassoRanker/Ultimate/yPositive-SIscaled100.bpl_Iteration1_Loop_6-phaseTemplate.smt2,real,2,1,22,1,3,3,
./QF_LRA/meti-tarski/Chua/1/VC1/U/Chua-1-VC1-U-chunk-0059.smt2,real,1771,3,17711771,8,4,10,
./QF_LRA/LassoRanker/Ultimate/GcdNew.bpl_Iteration1_Lasso_7-phaseTemplate.smt2,real,2,1,22,1,3,3,
./QF_LRA/meti-tarski/sin/problem/8/sin-problem-8-chunk-0037.smt2,real,31415928,7,3141592831415928,14,5,16,
./QF_LRA/uart/uart-12.induction.cvc.smt2,real,152,2,152152,3,4,5,
./QF_LRA/meti-tarski/Chua/1/IL/U/Chua-1-IL-U-chunk-0042.smt2,real,236,2,236236,5,4,7,
./QF_LRA/LassoRanker/CooperatingT2/p-43.t2.c_Iteration5_Loop_4-pieceTemplate.smt2,real,4,1,44,1,3,3,
./QF_LRA/meti-tarski/cbrt/3/cbrt-problem-3-chunk-0059.smt2,real,3,1,33,1,3,3,
./QF_LRA/meti-tarski/sin/problem/7/sin-problem-7-chunk-0063.smt2,real,31415928,7,3141592831415928,14,5,16,
./QF_LRA/miplib/pp08a-9000.smt2,real,9001,3,90019001,3,5,5,
./QF_LRA/2017-Heizmann-UltimateInvariantSynthesis/_nested9.i_5_6_6.bpl_7.smt2,real,1000000,5,10000001000000,10,6,12,
./QF_LRA/LassoRanker/CooperatingT2/p-43.t2.c_Iteration4_Loop_4-pieceTemplate.smt2,real,2,1,22,1,3,3,
./QF_LRA/sal/tgc/tgc_io-safe-20.smt2,real,6,1,66,1,3,3,
./QF_LRA/LassoRanker/CooperatingT2/sas2.t2.c_Iteration6_Lasso_6-phaseTemplate.smt2,real,3,1,33,1,3,3,
./QF_LRA/meti-tarski/Chua/1/IL/L/Chua-1-IL-L-chunk-0128.smt2,real,236,2,236236,5,4,7,
./QF_LRA/DTP-Scheduling/constraints-tempo-width-1.smt2,real,7,1,77,1,3,3,
./QF_LRA/meti-tarski/bottom-plate-mixer/bottom-plate-mixer-chunk-0015.smt2,real,366500001,8,366500001366500001,14,5,16,
./QF_LRA/LassoRanker/CooperatingT2/elmhes.c.i.elmhes.pl.t2.fixed.t2.c_Iteration5_Loop_6-phaseTemplate.smt2,real,2,1,22,1,3,3,
./QF_LRA/meti-tarski/sqrt/1mcosq/7/sqrt-1mcosq-7-chunk-0101.smt2,real,31415928,7,3141592831415928,14,5,16,
./QF_LRA/DTP-Scheduling/constraints-tempo-width-40.smt2,real,7,1,77,1,3,3,
./QF_LRA/LassoRanker/Ultimate/Gcd_havoc.bpl_Iteration1_Lasso_3-pieceTemplate.smt2,real,2,1,22,1,3,3,
./QF_LRA/DTP-Scheduling/constraints-temporal-machine-shop-2-3-A10.smt2,real,21,1,2121,1,3,3,
./QF_LRA/meti-tarski/sin/problem/7/sin-problem-7-chunk-0024.smt2,real,31415928,7,3141592831415928,14,5,16,
./QF_LRA/sal/windowreal/windowreal-safe-4.smt2,real,11,1,1111,1,3,3,
./QF_LRA/LassoRanker/CooperatingT2/bsort100.t2.c_Iteration13_Loop_4-pieceTemplate.smt2,real,101,2,101101,4,4,6,
./QF_LRA/miplib/opt1217--17.smt2,real,385,2,385385,2,5,4,
./QF_LRA/uart/uart-27.induction.cvc.smt2,real,152,2,152152,3,4,5,
./QF_LRA/sc/sc-35.induction2.cvc.smt2,real,3,1,33,1,3,3,
./QF_LRA/DTP-Scheduling/constraints-tms-2-3-light-09.smt2,real,21,1,2121,1,3,3,
./QF_LRA/sc/sc-21.induction.cvc.smt2,real,3,1,33,1,3,3,
./QF_LRA/sc/sc-6.induction2.cvc.smt2,real,3,1,33,1,3,3,
./QF_LRA/meti-tarski/sin/problem/7/weak/sin-problem-7-weak-chunk-0005.smt2,real,3,1,33,1,2,3,
./QF_LRA/meti-tarski/atan/problem/2/weak2/atan-problem-2-weak2-chunk-0129.smt2,real,2,1,22,1,2,3,
./QF_LRA/2019-ezsmt/blending/17.smt2,real,20001,4,2000120001,6,5,8,
./QF_LRA/DTP-Scheduling/constraints-cooking07.smt2,real,18,1,1818,1,3,3,
./QF_LRA/meti-tarski/polypaver/bench-exp-3d/polypaver-bench-exp-3d-chunk-0038.smt2,real,4,1,44,1,3,3,
./QF_LRA/meti-tarski/Chua/2/IL/L/Chua-2-IL-L-chunk-0035.smt2,real,2025130728,9,20251307282025130728,25,6,27,
./QF_LRA/meti-tarski/bottom-plate-mixer/bottom-plate-mixer-chunk-0005.smt2,real,10000001,7,1000000110000001,13,5,15,
./QF_LRA/meti-tarski/atan/problem/1/atan-problem-1-chunk-0031.smt2,real,4,1,44,1,3,3,
./QF_LRA/tta_startup/simple_startup_6nodes.bug.induct.smt2,real,52,1,5252,1,4,3,
./QF_LRA/meti-tarski/Chua/1/VC2/U/Chua-1-VC2-U-chunk-0023.smt2,real,12501,4,1250112501,5,4,7,
./QF_LRA/meti-tarski/sin/problem/7/sin-problem-7-chunk-0065.smt2,real,31415928,7,3141592831415928,14,5,16,
./QF_LRA/LassoRanker/Ultimate/yPositive-SIscaled50.bpl_Iteration1_Loop_7-phaseTemplate.smt2,real,2,1,22,1,3,3,
./QF_LRA/meti-tarski/sqrt/1mcosq/7/sqrt-1mcosq-7-chunk-0012.smt2,real,31415928,7,3141592831415928,14,5,16,
./QF_LRA/meti-tarski/Chua/1/VC2/U/Chua-1-VC2-U-chunk-0128.smt2,real,14,1,1414,2,3,4,
./QF_LRA/tta_startup/simple_startup_10nodes.missing.induct.smt2,real,88,1,8888,1,4,3,
./QF_LRA/meti-tarski/cbrt/3/cbrt-problem-3-chunk-0039.smt2,real,33,1,3333,1,4,3,
./QF_LRA/DTP-Scheduling/constraints-tempo-matrix4x4.pddl.smt2,real,7,1,77,1,3,3,
./QF_LRA/sc/sc-22.induction3.cvc.smt2,real,3,1,33,1,3,3,
./QF_LRA/meti-tarski/sin/problem/8/weak/sin-problem-8-weak-chunk-0030.smt2,real,31415928,7,3141592831415928,14,5,16,
./QF_LRA/meti-tarski/sin/problem/7/weak/sin-problem-7-weak-chunk-0064.smt2,real,31415928,7,3141592831415928,14,6,16,
./QF_LRA/meti-tarski/cbrt/3/weak/cbrt-problem-3-weak-chunk-0046.smt2,real,33,1,3333,1,4,3,
./QF_LRA/meti-tarski/sin/problem/7/weak2/sin-problem-7-weak2-chunk-0028.smt2,real,31415928,7,3141592831415928,14,5,16,
./QF_LRA/meti-tarski/polypaver/bench-exp-3d/polypaver-bench-exp-3d-chunk-0017.smt2,real,2,1,22,1,3,3,
./QF_LRA/sc/sc-33.induction.cvc.smt2,real,3,1,33,1,3,3,
./QF_LRA/LassoRanker/SV-COMP/min_rf_true-termination.c_Iteration1_Loop_3-pieceTemplate.smt2,real,2,1,22,1,3,3,
./QF_LRA/DTP-Scheduling/constraints-tempo-depth-9.smt2,real,7,1,77,1,3,3,
./QF_LRA/meti-tarski/bottom-plate-mixer/bottom-plate-mixer-chunk-0035.smt2,real,10000001,7,1000000110000001,13,5,15,
./QF_LRA/meti-tarski/sqrt/problem/12vars3/sqrt-problem-12vars3-chunk-0018.smt2,real,5,1,55,1,3,3,
./QF_LRA/meti-tarski/polypaver/bench-exp-3d/polypaver-bench-exp-3d-chunk-0036.smt2,real,4,1,44,1,3,3,
./QF_LRA/meti-tarski/Chua/1/IL/U/Chua-1-IL-U-chunk-0056.smt2,real,1001,3,10011001,6,4,8,
./QF_LRA/uart/uart-21.induction.cvc.smt2,real,152,2,152152,3,4,5,
./QF_LRA/sc/sc-30.induction3.cvc.smt2,real,3,1,33,1,3,3,
./QF_LRA/meti-tarski/sin/problem/8/sin-problem-8-chunk-0030.smt2,real,31415928,7,3141592831415928,14,5,16,
./QF_LRA/meti-tarski/sin/problem/7/weak/sin-problem-7-weak-chunk-0026.smt2,real,31415928,7,3141592831415928,14,6,16,
./QF_LRA/tta_startup/simple_startup_3nodes.bug.induct.smt2,real,25,1,2525,1,4,3,
./QF_LRA/meti-tarski/Chua/1/VC1/L/Chua-1-VC1-L-chunk-0128.smt2,real,1771,3,17711771,8,4,10,
./QF_LRA/miplib/pk1-0.smt2,real,732,2,732732,2,5,4,
./QF_LRA/meti-tarski/sin/problem/7/sin-problem-7-chunk-0011.smt2,real,31415928,7,3141592831415928,14,5,16,
./QF_LRA/meti-tarski/sin/problem/7/weak/sin-problem-7-weak-chunk-0052.smt2,real,31415928,7,3141592831415928,14,6,16,
./QF_LRA/sc/sc-26.induction2.cvc.smt2,real,3,1,33,1,3,3,
./QF_LRA/meti-tarski/sin/problem/7/weak/sin-problem-7-weak-chunk-0099.smt2,real,31415928,7,3141592831415928,14,6,16,
./QF_LRA/2019-ezsmt/blending/14.smt2,real,20001,4,2000120001,6,5,8,
./QF_LRA/DTP-Scheduling/constraints-tempo-depth-10.smt2,real,7,1,77,1,3,3,
./QF_LRA/uart/uart-15.induction.cvc.smt2,real,152,2,152152,3,4,5,
./QF_LRA/miplib/fixnet-3000.smt2,real,3001,3,30013001,3,5,5,
./QF_LRA/latendresse/ecoliFBAyicesTest-750.smt2,real,200852,5,200852200852,13,5,15,
./QF_LRA/meti-tarski/sin/problem/7/weak2/sin-problem-7-weak2-chunk-0009.smt2,real,31415928,7,3141592831415928,14,5,16,
./QF_LRA/DTP-Scheduling/constraints-tms-2-3-light-80.smt2,real,21,1,2121,1,3,3,
./QF_LRA/meti-tarski/sin/problem/7/weak/sin-problem-7-weak-chunk-0047.smt2,real,31415928,7,3141592831415928,14,6,16,
./QF_LRA/latendresse/ecoliFBAyicesTest-3875-4.smt2,real,200852,5,200852200852,13,5,15,
./QF_LRA/meti-tarski/Chua/1/IL/L/Chua-1-IL-L-chunk-0057.smt2,real,236,2,236236,5,4,7,
./QF_LRA/sal/windowreal/windowreal-safe2-3.smt2,real,11,1,1111,1,3,3,
./QF_LRA/meti-tarski/sin/problem/7/weak/sin-problem-7-weak-chunk-0082.smt2,real,31415928,7,3141592831415928,14,6,16,
./QF_LRA/sc/sc-17.induction.cvc.smt2,real,3,1,33,1,3,3,
./QF_LRA/2019-ezsmt/blending/3.smt2,real,20001,4,2000120001,6,5,8,
./QF_LRA/meti-tarski/sin/344/3/sin-344-3-chunk-0012.smt2,real,11,1,1111,1,3,3,
./QF_LRA/meti-tarski/atan/problem/2/weak2/atan-problem-2-weak2-chunk-0060.smt2,real,2,1,22,1,2,3,
./QF_LRA/DTP-Scheduling/constraints-temporal-machine-shop-2-3-A05.smt2,real,21,1,2121,1,3,3,
./QF_LRA/tta_startup/simple_startup_11nodes.bug.induct.smt2,real,97,1,9797,1,4,3,
./QF_LRA/sc/sc-39.induction2.cvc.smt2,real,3,1,33,1,3,3,
./QF_LRA/meti-tarski/sin/problem/7/weak2/sin-problem-7-weak2-chunk-0008.smt2,real,31415928,7,3141592831415928,14,5,16,
./QF_LRA/meti-tarski/polypaver/bench-exp-3d/polypaver-bench-exp-3d-chunk-0098.smt2,real,20,1,2020,1,4,3,
./QF_LRA/meti-tarski/Chua/1/VC1/U/Chua-1-VC1-U-chunk-0071.smt2,real,12501,4,1250112501,9,5,11,
./QF_LRA/DTP-Scheduling/constraints-tempo-depth-3.smt2,real,7,1,77,1,3,3,
./QF_LRA/meti-tarski/Chua/1/VC1/L/Chua-1-VC1-L-chunk-0010.smt2,real,1771,3,17711771,8,4,10,
./QF_LRA/uart/uart-25.induction.cvc.smt2,real,152,2,152152,3,4,5,
./QF_LRA/DTP-Scheduling/constraints-temporal-machine-shop-2-3-A80.smt2,real,21,1,2121,1,3,3,
./QF_LRA/DTP-Scheduling/constraints-temporal-machine-shop-2-3-A70.smt2,real,21,1,2121,1,3,3,
./QF_LRA/DTP-Scheduling/constraints-tempo-width-5.smt2,real,7,1,77,1,3,3,
./QF_LRA/2017-Heizmann-UltimateInvariantSynthesis/_standard_two_index_06.i_3_2_2.bpl_11.smt2,real,10001,4,1000110001,8,5,10,
./QF_LRA/tropical-matrix/constraint-223827.smt2,real,1,1,11,1,2,3,
./QF_LRA/meti-tarski/atan/problem/2/weak2/atan-problem-2-weak2-chunk-0081.smt2,real,2,1,22,1,2,3,
./QF_LRA/sc/sc-32.induction2.cvc.smt2,real,3,1,33,1,3,3,
./QF_LRA/meti-tarski/polypaver/bench-exp-3d/polypaver-bench-exp-3d-chunk-0054.smt2,real,3,1,33,1,3,3,
./QF_LRA/DTP-Scheduling/constraints-tms-2-3-light-08.smt2,real,21,1,2121,1,3,3,
./QF_LRA/meti-tarski/sin/problem/7/sin-problem-7-chunk-0006.smt2,real,3,1,33,1,2,3,
./QF_LRA/2017-Heizmann-UltimateInvariantSynthesis/_standard_two_index_05.i_3_2_2.bpl_11.smt2,real,100001,5,100001100001,10,6,12,
./QF_LRA/LassoRanker/SV-COMP/LeeJonesBen-Amram-2001POPL-Ex1_true-termination.c_Iteration1_Lasso_7-phaseTemplate.smt2,real,2,1,22,1,3,3,
./QF_LRA/LassoRanker/CooperatingT2/ludcmp.t2.c_Iteration7_Loop_6-phaseTemplate.smt2,real,2,1,22,1,3,3,
./QF_LRA/meti-tarski/polypaver/bench-exp-3d/polypaver-bench-exp-3d-chunk-0095.smt2,real,4,1,44,1,3,3,
./QF_LRA/LassoRanker/Ultimate/SyntaxSupportDisjunction1.bpl_Iteration1_Loop_7-phaseTemplate.smt2,real,2,1,22,1,3,3,
./QF_LRA/sc/sc-36.induction3.cvc.smt2,real,3,1,33,1,3,3,
./QF_LRA/sc/sc-35.induction.cvc.smt2,real,3,1,33,1,3,3,
./QF_LRA/meti-tarski/sin/problem/7/weak/sin-problem-7-weak-chunk-0009.smt2,real,31415928,7,3141592831415928,14,5,16,
./QF_LRA/meti-tarski/sin/problem/7/weak/sin-problem-7-weak-chunk-0107.smt2,real,31415928,7,3141592831415928,14,6,16,
./QF_LRA/uart/uart-13.induction.cvc.smt2,real,152,2,152152,3,4,5,
./QF_LRA/DTP-Scheduling/constraints-temporal-machine-shop-2-3-A04.smt2,real,21,1,2121,1,3,3,
./QF_LRA/meti-tarski/bottom-plate-mixer/bottom-plate-mixer-chunk-0013.smt2,real,366500001,8,366500001366500001,14,5,16,
./QF_LRA/meti-tarski/Chua/2/VC2/L/Chua-2-VC2-L-chunk-0048.smt2,real,77,1,7777,3,4,5,
./QF_LRA/meti-tarski/Arthan/1A/Arthan1A-chunk-0016.smt2,real,31415928,7,3141592831415928,14,5,16,
./QF_LRA/meti-tarski/sqrt/1mcosq/7/sqrt-1mcosq-7-chunk-0080.smt2,real,31415928,7,3141592831415928,14,5,16,
./QF_LRA/tta_startup/simple_startup_5nodes.bug.induct.smt2,real,43,1,4343,1,4,3,
./QF_LRA/DTP-Scheduling/constraints-cooking14.smt2,real,18,1,1818,1,3,3,
./QF_LRA/sc/sc-34.induction2.cvc.smt2,real,3,1,33,1,3,3,
./QF_LRA/meti-tarski/sqrt/1mcosq/7/sqrt-1mcosq-7-chunk-0066.smt2,real,31415928,7,3141592831415928,14,5,16,
./QF_LRA/uart/uart-29.induction.cvc.smt2,real,152,2,152152,3,4,5,
./QF_LRA/DTP-Scheduling/constraints-tms-2-3-light-60.smt2,real,21,1,2121,1,3,3,
./QF_LRA/uart/uart-31.induction.cvc.smt2,real,152,2,152152,3,4,5,
./QF_LRA/meti-tarski/Chua/1/VC2/L/Chua-1-VC2-L-chunk-0069.smt2,real,12501,4,1250112501,5,4,7,
./QF_LRA/TM/p7-zenonumeric_s6.smt2,real,9304,3,93049304,3,5,5,
./QF_LRA/LassoRanker/CooperatingT2/eric.t2.c_Iteration1_Lasso_2-pieceTemplate.smt2,real,2,1,22,1,3,3,
./QF_LRA/sc/sc-8.induction3.cvc.smt2,real,3,1,33,1,3,3,
./QF_LRA/meti-tarski/Chua/1/VC2/L/Chua-1-VC2-L-chunk-0006.smt2,real,290,2,290290,3,4,5,
./QF_LRA/miplib/pp08a-7349.smt2,real,7350,3,73507350,3,5,5,
./QF_LRA/tta_startup/simple_startup_9nodes.missing.induct.smt2,real,79,1,7979,1,4,3,
./QF_LRA/meti-tarski/sin/problem/7/weak2/sin-problem-7-weak2-chunk-0067.smt2,real,31415928,7,3141592831415928,14,5,16,
./QF_LRA/sc/sc-5.induction2.cvc.smt2,real,3,1,33,1,3,3,
./QF_LRA/meti-tarski/Chua/1/VC2/L/Chua-1-VC2-L-chunk-0005.smt2,real,290,2,290290,3,4,5,
./QF_LRA/meti-tarski/sin/problem/7/sin-problem-7-chunk-0004.smt2,real,3,1,33,1,2,3,
./QF_LRA/DTP-Scheduling/constraints-tempo-width-70.smt2,real,7,1,77,1,3,3,
./QF_LRA/meti-tarski/atan/problem/2/weak2/atan-problem-2-weak2-chunk-0033.smt2,real,2,1,22,1,2,3,
./QF_LRA/meti-tarski/cbrt/3/weak/cbrt-problem-3-weak-chunk-0065.smt2,real,21,1,2121,1,4,3,
./QF_LRA/TM/p-1-bucket_s9.smt2,real,71,1,7171,2,4,4,
./QF_LRA/meti-tarski/sin/problem/7/weak2/sin-problem-7-weak2-chunk-0071.smt2,real,31415928,7,3141592831415928,14,5,16,
./QF_LRA/TM/p6-driverlogNumeric_s5.smt2,real,966,2,966966,2,5,4,
./QF_LRA/sc/sc-36.induction.cvc.smt2,real,3,1,33,1,3,3,
./QF_LRA/LassoRanker/Ultimate/GulwaniResetBranchOnly.bpl_Iteration1_Lasso_7-phaseTemplate.smt2,real,2,1,22,1,3,3,
./QF_LRA/meti-tarski/sin/problem/7/weak2/sin-problem-7-weak2-chunk-0042.smt2,real,31415928,7,3141592831415928,14,5,16,
./QF_LRA/meti-tarski/bottom-plate-mixer/bottom-plate-mixer-chunk-0012.smt2,real,366500001,8,366500001366500001,14,5,16,
./QF_LRA/meti-tarski/asin/8/vars4/asin-8-vars4-chunk-0023.smt2,real,5,1,55,1,3,3,
./QF_LRA/sc/sc-19.induction.cvc.smt2,real,3,1,33,1,3,3,
./QF_LRA/tta_startup/simple_startup_14nodes.bug.induct.smt2,real,124,2,124124,2,4,4,
./QF_LRA/sc/sc-13.induction2.cvc.smt2,real,3,1,33,1,3,3,
./QF_LRA/latendresse/ecoliMILPglycerolYices3-50000.smt2,real,200852,5,200852200852,13,6,15,
./QF_LRA/meti-tarski/atan/problem/2/weak2/atan-problem-2-weak2-chunk-0116.smt2,real,2,1,22,1,2,3,
./QF_LRA/meti-tarski/Chua/2/VC2/L/Chua-2-VC2-L-chunk-0031.smt2,real,77,1,7777,3,4,5,
./QF_LRA/DTP-Scheduling/constraints-cooking23.smt2,real,18,1,1818,1,3,3,
./QF_LRA/meti-tarski/polypaver/bench-exp-3d/polypaver-bench-exp-3d-chunk-0103.smt2,real,3,1,33,1,3,3,
./QF_LRA/2019-ezsmt/blending/12.smt2,real,20001,4,2000120001,6,5,8,
./QF_LRA/sc/sc-29.induction2.cvc.smt2,real,3,1,33,1,3,3,
./QF_LRA/latendresse/ecoliFBAyicesTest-1875-2.smt2,real,200852,5,200852200852,13,5,15,
./QF_LRA/DTP-Scheduling/constraints-tms-2-3-light-70.smt2,real,21,1,2121,1,3,3,
./QF_LRA/LassoRanker/CooperatingT2/matrixsqrt.t2.c_Iteration12_Loop_7-phaseTemplate.smt2,real,2,1,22,1,3,3,
./QF_LRA/tta_startup/simple_startup_11nodes.missing.induct.smt2,real,97,1,9797,1,4,3,
./QF_LRA/meti-tarski/Chua/1/IL/L/Chua-1-IL-L-chunk-0012.smt2,real,290,2,290290,5,4,7,
./QF_LRA/meti-tarski/sin/problem/7/weak2/sin-problem-7-weak2-chunk-0034.smt2,real,31415928,7,3141592831415928,14,5,16,
./QF_LRA/uart/uart-30.induction.cvc.smt2,real,152,2,152152,3,4,5,
./QF_LRA/tta_startup/simple_startup_8nodes.missing.induct.smt2,real,70,1,7070,1,4,3,
./QF_LRA/meti-tarski/sin/problem/7/weak2/sin-problem-7-weak2-chunk-0030.smt2,real,31415928,7,3141592831415928,14,5,16,
./QF_LRA/DTP-Scheduling/constraints-tms-2-3-light-03.smt2,real,21,1,2121,1,3,3,
./QF_LRA/TM/p6-zenonumeric_s9.smt2,real,17295,4,1729517295,4,5,6,
./QF_LRA/DTP-Scheduling/constraints-tms-2-3-light-07.smt2,real,21,1,2121,1,3,3,
./QF_LRA/2019-ezsmt/blending/29.smt2,real,20001,4,2000120001,6,5,8,
./QF_LRA/latendresse/ecoliMILPglycerolYices3-90000.smt2,real,200852,5,200852200852,13,6,15,
./QF_LRA/meti-tarski/sqrt/1mcosq/8/sqrt-1mcosq-8-chunk-0716.smt2,real,31415928,7,3141592831415928,14,5,16,
./QF_LRA/LassoRanker/CooperatingT2/ludcmp.c.i.ludcmp.pl.t2.fixed.t2.c_Iteration9_Loop_5-phaseTemplate.smt2,real,2,1,22,1,3,3,
./QF_LRA/meti-tarski/sin/344/3/sin-344-3-weak-chunk-0012.smt2,real,12,1,1212,2,3,4,
./QF_LRA/LassoRanker/SV-COMP/LeeJonesBen-Amram-2001POPL-Ex5_true-termination.c_Iteration2_Lasso_6-phaseTemplate.smt2,real,2,1,22,1,3,3,
./QF_LRA/sal/tgc/tgc_io-nosafe-7.smt2,real,6,1,66,1,3,3,
./QF_LRA/latendresse/ecoliFBAyicesTest-63875-64.smt2,real,200852,5,200852200852,13,5,15,
./QF_LRA/miplib/opt1217--27.smt2,real,385,2,385385,2,5,4,
./QF_LRA/LassoRanker/CooperatingT2/elmhes.t2.c_Iteration2_Loop_7-phaseTemplate.smt2,real,2,1,22,1,3,3,
./QF_LRA/LassoRanker/CooperatingT2/eric.t2.c_Iteration1_Lasso_3-pieceTemplate.smt2,real,2,1,22,1,3,3,
./QF_LRA/meti-tarski/Chua/2/IL/L/Chua-2-IL-L-chunk-0064.smt2,real,2025130728,9,20251307282025130728,25,6,27,
./QF_LRA/sc/sc-33.induction3.cvc.smt2,real,3,1,33,1,3,3,
./QF_LRA/DTP-Scheduling/constraints-tms-2-3-light-04.smt2,real,21,1,2121,1,3,3,
./QF_LRA/meti-tarski/Chua/1/VC1/L/Chua-1-VC1-L-chunk-0142.smt2,real,12501,4,1250112501,9,5,11,
./QF_LRA/LassoRanker/Ultimate/bound-scaled200.bpl_Iteration1_Loop_4-pieceTemplate.smt2,real,2,1,22,1,3,3,
./QF_LRA/meti-tarski/sin/cos/sin-cos-346-b-chunk-0008.smt2,real,31415928,7,3141592831415928,14,5,16,
./QF_LRA/meti-tarski/sin/problem/7/weak/sin-problem-7-weak-chunk-0092.smt2,real,31415928,7,3141592831415928,14,6,16,
./QF_LRA/uart/uart-14.induction.cvc.smt2,real,152,2,152152,3,4,5,
./QF_LRA/meti-tarski/sin/problem/7/weak/sin-problem-7-weak-chunk-0046.smt2,real,31415928,7,3141592831415928,14,6,16,
./QF_LRA/tta_startup/simple_startup_4nodes.missing.induct.smt2,real,34,1,3434,1,4,3,
./QF_LRA/LassoRanker/Ultimate/OpposedDisjuncts.bpl_Iteration1_Lasso_7-phaseTemplate.smt2,real,43,1,4343,2,4,4,
./QF_LRA/uart/uart-36.induction.cvc.smt2,real,152,2,152152,3,4,5,
./QF_LRA/TM/p-0-bucket_s13.smt2,real,101,2,101101,3,4,5,
./QF_LRA/meti-tarski/CMOS/CMOS-opamp-chunk-0005.smt2,real,121,2,121121,2,4,4,
./QF_LRA/DTP-Scheduling/constraints-tempo-width-30.smt2,real,7,1,77,1,3,3,
./QF_LRA/meti-tarski/CMOS/CMOS-opamp-chunk-0008.smt2,real,121,2,121121,2,4,4,
./QF_LRA/meti-tarski/atan/problem/2/weak2/atan-problem-2-weak2-chunk-0121.smt2,real,2,1,22,1,2,3,
./QF_LRA/meti-tarski/sin/problem/7/weak/sin-problem-7-weak-chunk-0043.smt2,real,31415928,7,3141592831415928,14,6,16,
./QF_LRA/miplib/fixnet-7000.smt2,real,7001,3,70017001,3,5,5,
./QF_LRA/meti-tarski/sqrt/1mcosq/7/sqrt-1mcosq-7-chunk-0006.smt2,real,21,1,2121,1,3,3,
./QF_LRA/uart/uart-34.induction.cvc.smt2,real,152,2,152152,3,4,5,
./QF_LRA/meti-tarski/Chua/1/VC2/U/Chua-1-VC2-U-chunk-0108.smt2,real,14,1,1414,2,3,4,
./QF_LRA/sc/sc-7.induction.cvc.smt2,real,3,1,33,1,3,3,
./QF_LRA/meti-tarski/polypaver/bench-exp-3d/polypaver-bench-exp-3d-chunk-0022.smt2,real,2,1,22,1,3,3,
./QF_LRA/meti-tarski/Chua/1/IL/L/Chua-1-IL-L-chunk-0108.smt2,real,236,2,236236,5,4,7,
./QF_LRA/meti-tarski/sqrt/1mcosq/7/sqrt-1mcosq-7-chunk-0058.smt2,real,31415928,7,3141592831415928,14,5,16,
./QF_LRA/2019-ezsmt/blending/2.smt2,real,20001,4,2000120001,6,5,8,
./QF_LRA/2019-ezsmt/blending/18.smt2,real,20001,4,2000120001,6,5,8,
./QF_LRA/meti-tarski/sin/problem/7/weak2/sin-problem-7-weak2-chunk-0016.smt2,real,31415928,7,3141592831415928,14,5,16,
./QF_LRA/LassoRanker/CooperatingT2/sas2.t2.c_Iteration6_Lasso_5-phaseTemplate.smt2,real,3,1,33,1,3,3,
./QF_LRA/meti-tarski/bottom-plate-mixer/bottom-plate-mixer-chunk-0022.smt2,real,12696,4,1269612696,7,5,9,
./QF_LRA/meti-tarski/Chua/1/VC1/L/Chua-1-VC1-L-chunk-0042.smt2,real,1771,3,17711771,8,4,10,
./QF_LRA/meti-tarski/sin/problem/7/weak2/sin-problem-7-weak2-chunk-0035.smt2,real,31415928,7,3141592831415928,14,5,16,
./QF_LRA/DTP-Scheduling/constraints-tempo-matrix5x5.pddl.smt2,real,7,1,77,1,3,3,
./QF_LRA/meti-tarski/Chua/1/VC1/L/Chua-1-VC1-L-chunk-0028.smt2,real,1771,3,17711771,8,4,10,
./QF_LRA/LassoRanker/CooperatingT2/fir.t2.c_Iteration4_Loop_6-phaseTemplate.smt2,real,2,1,22,1,3,3,
./QF_LRA/meti-tarski/cbrt/3/weak/cbrt-problem-3-weak-chunk-0097.smt2,real,21,1,2121,1,4,3,
./QF_LRA/meti-tarski/polypaver/bench-exp-3d/polypaver-bench-exp-3d-chunk-0096.smt2,real,3,1,33,1,3,3,
./QF_LRA/LassoRanker/CooperatingT2/p-43.t2.c_Iteration2_Loop_7-phaseTemplate.smt2,real,2,1,22,1,3,3,
./QF_LRA/meti-tarski/polypaver/bench-exp-3d/polypaver-bench-exp-3d-chunk-0026.smt2,real,4,1,44,1,3,3,
./QF_LRA/meti-tarski/Chua/1/VC2/L/Chua-1-VC2-L-chunk-0010.smt2,real,290,2,290290,3,4,5,
./QF_LRA/LassoRanker/Ultimate/Gcd_havoc.bpl_Iteration1_Lasso_4-pieceTemplate.smt2,real,2,1,22,1,3,3,
./QF_LRA/meti-tarski/atan/problem/2/weak2/atan-problem-2-weak2-chunk-0031.smt2,real,2,1,22,1,2,3,
./QF_LRA/sc/sc-16.induction2.cvc.smt2,real,3,1,33,1,3,3,
./QF_LRA/LassoRanker/CooperatingT2/sumit.t2.c_Iteration1_Lasso_3-pieceTemplate.smt2,real,2,1,22,1,3,3,
./QF_LRA/sc/sc-9.induction2.cvc.smt2,real,3,1,33,1,3,3,
./QF_LRA/meti-tarski/sin/problem/7/weak2/sin-problem-7-weak2-chunk-0010.smt2,real,31415928,7,3141592831415928,14,5,16,
./QF_LRA/DTP-Scheduling/constraints-cooking10.smt2,real,18,1,1818,1,3,3,
./QF_LRA/meti-tarski/sqrt/1mcosq/7/sqrt-1mcosq-7-chunk-0122.smt2,real,31415928,7,3141592831415928,14,5,16,
./QF_LRA/meti-tarski/atan/problem/2/weak2/atan-problem-2-weak2-chunk-0035.smt2,real,2,1,22,1,2,3,
./QF_LRA/LassoRanker/Ultimate/yPositive-SIscaled100.bpl_Iteration1_Loop_5-phaseTemplate.smt2,real,2,1,22,1,3,3,
./QF_LRA/miplib/vpm2-30.smt2,real,801,2,801801,4,5,6,
./QF_LRA/sc/sc-7.induction3.cvc.smt2,real,3,1,33,1,3,3,
./QF_LRA/LassoRanker/Ultimate/CooperatingT2_consts1.bpl_Iteration1_Lasso_7-phaseTemplate.smt2,real,301,2,301301,4,5,6,
./QF_LRA/LassoRanker/CooperatingT2/ludcmp.c.i.ludcmp.pl.t2.fixed.t2.c_Iteration10_Loop_6-phaseTemplate.smt2,real,2,1,22,1,3,3,
./QF_LRA/LassoRanker/Ultimate/yPositive-SIscaled50.bpl_Iteration1_Loop_6-phaseTemplate.smt2,real,2,1,22,1,3,3,
./QF_LRA/sc/sc-17.induction2.cvc.smt2,real,3,1,33,1,3,3,
./QF_LRA/2017-Heizmann-UltimateInvariantSynthesis/_const1.i_3_6_2.bpl_11.smt2,real,4294967296,9,42949672964294967296,18,7,20,
./QF_LRA/uart/uart-28.induction.cvc.smt2,real,152,2,152152,3,4,5,
./QF_LRA/LassoRanker/SV-COMP/BradleyMannaSipma-2005CAV-Fig1_true-termination.c_Iteration1_Lasso_5-phaseTemplate.smt2,real,2,1,22,1,3,3,
./QF_LRA/meti-tarski/sin/problem/7/weak/sin-problem-7-weak-chunk-0029.smt2,real,31415928,7,3141592831415928,14,5,16,
./QF_LRA/LassoRanker/CooperatingT2/sas2.t2.c_Iteration5_Lasso_4-lexTemplate.smt2,real,2,1,22,1,3,3,
./QF_LRA/latendresse/ecoliMILPglycerolYices3-80000.smt2,real,200852,5,200852200852,13,6,15,
./QF_LRA/meti-tarski/Chua/1/IL/U/Chua-1-IL-U-chunk-0069.smt2,real,12501,4,1250112501,7,5,9,
./QF_LRA/LassoRanker/CooperatingT2/byron-2.t2.c_Iteration2_Loop_4-pieceTemplate.smt2,real,2,1,22,1,3,3,
./QF_LRA/LassoRanker/CooperatingT2/p-43.t2.c_Iteration4_Loop_7-phaseTemplate.smt2,real,2,1,22,1,3,3,
./QF_LRA/LassoRanker/Ultimate/NoriSharma-2013FSE-Fig7.bpl_Iteration1_Loop_7-phaseTemplate.smt2,real,2,1,22,1,3,3,
./QF_LRA/sc/sc-19.induction3.cvc.smt2,real,3,1,33,1,3,3,
./QF_LRA/2017-Heizmann-UltimateInvariantSynthesis/_array_single_elem_init.i_4_2_2.bpl_7.smt2,real,100001,5,100001100001,10,6,12,
./QF_LRA/meti-tarski/polypaver/bench-exp-3d/polypaver-bench-exp-3d-chunk-0051.smt2,real,3,1,33,1,3,3,
./QF_LRA/meti-tarski/Chua/1/VC1/L/Chua-1-VC1-L-chunk-0023.smt2,real,12501,4,1250112501,9,5,11,
./QF_LRA/LassoRanker/CooperatingT2/p-55.t2.c_Iteration2_Loop_7-phaseTemplate.smt2,real,2,1,22,1,3,3,
./QF_LRA/DTP-Scheduling/constraints-tempo-depth-6.smt2,real,7,1,77,1,3,3,
./QF_LRA/tropical-matrix/constraint-413064.smt2,real,1,1,11,1,2,3,
./QF_LRA/meti-tarski/polypaver/bench-exp-3d/polypaver-bench-exp-3d-chunk-0056.smt2,real,3,1,33,1,3,3,
./QF_LRA/meti-tarski/polypaver/bench-exp-3d/polypaver-bench-exp-3d-chunk-0020.smt2,real,2,1,22,1,3,3,
./QF_LRA/DTP-Scheduling/constraints-tempo-depth-150.smt2,real,7,1,77,1,3,3,
./QF_LRA/DTP-Scheduling/constraints-temporal-machine-shop-2-3-A06.smt2,real,21,1,2121,1,3,3,
./QF_LRA/2017-Heizmann-UltimateInvariantSynthesis/_simple1.i_3_6_2.bpl_11.smt2,real,4294967296,9,42949672964294967296,18,7,20,
./QF_LRA/LassoRanker/CooperatingT2/p-43.t2.c_Iteration2_Loop_4-pieceTemplate.smt2,real,2,1,22,1,3,3,
./QF_LRA/LassoRanker/Ultimate/yPositive-SIscaled75.bpl_Iteration1_Loop_6-phaseTemplate.smt2,real,2,1,22,1,3,3,
./QF_LRA/LassoRanker/CooperatingT2/sort.t2.c_Iteration5_Loop_7-phaseTemplate.smt2,real,2,1,22,1,3,3,
./QF_LRA/LassoRanker/CooperatingT2/p-55.t2.c_Iteration3_Loop_4-pieceTemplate.smt2,real,2,1,22,1,3,3,
./QF_LRA/LassoRanker/CooperatingT2/broydn.c.i.broydn.pl.t2.fixed.t2.c_Iteration8_Loop_7-phaseTemplate.smt2,real,2,1,22,1,3,3,
./QF_LRA/LassoRanker/CooperatingT2/magic.t2.c_Iteration23_Loop_7-phaseTemplate.smt2,real,5,1,55,1,3,3,
./QF_LRA/meti-tarski/atan/problem/2/weak2/atan-problem-2-weak2-chunk-0127.smt2,real,2,1,22,1,2,3,
./QF_LRA/meti-tarski/sqrt/1mcosq/7/sqrt-1mcosq-7-chunk-0107.smt2,real,31415928,7,3141592831415928,14,5,16,
./QF_LRA/DTP-Scheduling/constraints-tempo-width-10.smt2,real,7,1,77,1,3,3,
./QF_LRA/miplib/pp08a-10000.smt2,real,10001,4,1000110001,4,5,6,
./QF_LRA/meti-tarski/sin/problem/7/sin-problem-7-chunk-0008.smt2,real,31415928,7,3141592831415928,14,5,16,
./QF_LRA/tta_startup/simple_startup_7nodes.missing.induct.smt2,real,61,1,6161,1,4,3,
./QF_LRA/sc/sc-37.induction3.cvc.smt2,real,3,1,33,1,3,3,
./QF_LRA/DTP-Scheduling/constraints-tempo-width-3.smt2,real,7,1,77,1,3,3,
./QF_LRA/DTP-Scheduling/constraints-cooking06.smt2,real,18,1,1818,1,3,3,
./QF_LRA/2019-ezsmt/blending/26.smt2,real,20001,4,2000120001,6,5,8,
./QF_LRA/sc/sc-39.induction.cvc.smt2,real,3,1,33,1,3,3,
./QF_LRA/uart/uart-18.induction.cvc.smt2,real,152,2,152152,3,4,5,
./QF_LRA/LassoRanker/Ultimate/bound-scaled200.bpl_Iteration1_Loop_7-phaseTemplate.smt2,real,2,1,22,1,3,3,
./QF_LRA/2017-Heizmann-UltimateInvariantSynthesis/_fragtest_simple.i_4_5_4.bpl_7.smt2,real,2147483649,9,21474836492147483649,18,7,20,
./QF_LRA/meti-tarski/sqrt/1mcosq/7/sqrt-1mcosq-7-chunk-0009.smt2,real,31415928,7,3141592831415928,14,5,16,
./QF_LRA/sc/sc-10.induction3.cvc.smt2,real,3,1,33,1,3,3,
./QF_LRA/meti-tarski/cbrt/3/weak/cbrt-problem-3-weak-chunk-0100.smt2,real,21,1,2121,1,4,3,
./QF_LRA/meti-tarski/sqrt/1mcosq/7/sqrt-1mcosq-7-chunk-0069.smt2,real,31415928,7,3141592831415928,14,5,16,
./QF_LRA/TM/p-driverlogNumeric_s7.smt2,real,778,2,778778,2,5,4,
./QF_LRA/LassoRanker/CooperatingT2/sas2.t2.c_Iteration1_Lasso_7-phaseTemplate.smt2,real,5,1,55,1,3,3,
./QF_LRA/miplib/danoint-166.smt2,real,6270,3,62706270,5,5,7,
./QF_LRA/meti-tarski/sqrt/1mcosq/7/sqrt-1mcosq-7-chunk-0008.smt2,real,31415928,7,3141592831415928,14,5,16,
./QF_LRA/miplib/vpm2-13.75.smt2,real,801,2,801801,4,5,6,
./QF_LRA/TM/p2-zenonumeric_s6.smt2,real,6831,3,68316831,3,5,5,
./QF_LRA/2017-Heizmann-UltimateInvariantSynthesis/_hhk2008.c.i_3_3_2.bpl_8.smt2,real,2147483649,9,21474836492147483649,18,7,20,
./QF_LRA/meti-tarski/cbrt/3/cbrt-problem-3-chunk-0035.smt2,real,2,1,22,1,3,3,
./QF_LRA/meti-tarski/sqrt/1mcosq/7/sqrt-1mcosq-7-chunk-0011.smt2,real,31415928,7,3141592831415928,14,5,16,
./QF_LRA/sc/sc-27.induction3.cvc.smt2,real,3,1,33,1,3,3,
./QF_LRA/sc/sc-23.induction.cvc.smt2,real,3,1,33,1,3,3,
./QF_LRA/2019-ezsmt/blending/24.smt2,real,20001,4,2000120001,6,5,8,
./QF_LRA/DTP-Scheduling/constraints-temporal-machine-shop-2-3-A07.smt2,real,21,1,2121,1,3,3,
./QF_LRA/LassoRanker/Ultimate/SyntaxSupportDivision1.bpl_Iteration1_Lasso_5-phaseTemplate.smt2,real,4,1,44,1,3,3,
./QF_LRA/meti-tarski/atan/problem/2/weak2/atan-problem-2-weak2-chunk-0052.smt2,real,2,1,22,1,2,3,
./QF_LRA/meti-tarski/sin/problem/8/weak/sin-problem-8-weak-chunk-0017.smt2,real,31415928,7,3141592831415928,14,5,16,
./QF_LRA/sc/sc-24.induction.cvc.smt2,real,3,1,33,1,3,3,
./QF_LRA/meti-tarski/polypaver/bench-exp-3d/polypaver-bench-exp-3d-chunk-0034.smt2,real,4,1,44,1,3,3,
./QF_LRA/DTP-Scheduling/constraints-tempo-matrix3x3.pddl.smt2,real,7,1,77,1,3,3,
./QF_LRA/DTP-Scheduling/constraints-tempo-width-6.smt2,real,7,1,77,1,3,3,
./QF_LRA/meti-tarski/sqrt/1mcosq/8/sqrt-1mcosq-8-chunk-0010.smt2,real,31415928,7,3141592831415928,14,5,16,
./QF_LRA/2017-Heizmann-UltimateInvariantSynthesis/_gj2007.c.i_4_3_3.bpl_11.smt2,real,101,2,101101,4,5,6,
./QF_LRA/meti-tarski/Chua/2/VC1/L/Chua-2-VC1-L-chunk-0087.smt2,real,442,2,442442,6,4,8,
./QF_LRA/meti-tarski/Chua/1/VC2/L/Chua-1-VC2-L-chunk-0013.smt2,real,290,2,290290,3,4,5,
./QF_LRA/TM/p6-zenonumeric_s5.smt2,real,25076,4,2507625076,4,5,6,
./QF_LRA/meti-tarski/Chua/1/IL/L/Chua-1-IL-L-chunk-0006.smt2,real,290,2,290290,5,4,7,
./QF_LRA/meti-tarski/sin/problem/7/sin-problem-7-chunk-0071.smt2,real,31415928,7,3141592831415928,14,5,16,
./QF_LRA/meti-tarski/cbrt/3/weak/cbrt-problem-3-weak-chunk-0082.smt2,real,21,1,2121,1,4,3,
./QF_LRA/meti-tarski/cbrt/3/cbrt-problem-3-chunk-0057.smt2,real,2,1,22,1,3,3,
./QF_LRA/uart/uart-6.induction.cvc.smt2,real,152,2,152152,3,4,5,
./QF_LRA/LassoRanker/CooperatingT2/fun4.t2.c_Iteration1_Lasso_3-pieceTemplate.smt2,real,4,1,44,1,3,3,
./QF_LRA/meti-tarski/polypaver/bench-exp-3d/polypaver-bench-exp-3d-chunk-0060.smt2,real,5,1,55,1,3,3,
./QF_LRA/meti-tarski/polypaver/bench-exp-3d/polypaver-bench-exp-3d-chunk-0114.smt2,real,3,1,33,1,3,3,
./QF_LRA/meti-tarski/Chua/1/IL/L/Chua-1-IL-L-chunk-0023.smt2,real,12501,4,1250112501,7,5,9,
./QF_LRA/sc/sc-11.induction.cvc.smt2,real,3,1,33,1,3,3,
./QF_LRA/meti-tarski/sqrt/1mcosq/7/sqrt-1mcosq-7-chunk-0106.smt2,real,31415928,7,3141592831415928,14,5,16,
./QF_LRA/meti-tarski/sin/problem/7/weak/sin-problem-7-weak-chunk-0034.smt2,real,31415928,7,3141592831415928,14,6,16,
./QF_LRA/LassoRanker/Ultimate/Damaskus.bpl_Iteration1_Lasso_7-phaseTemplate.smt2,real,2,1,22,1,3,3,
./QF_LRA/2019-ezsmt/blending/20.smt2,real,20001,4,2000120001,6,5,8,
./QF_LRA/miplib/pp08a-7350.smt2,real,7351,3,73517351,3,5,5,
./QF_LRA/sc/sc-33.induction2.cvc.smt2,real,3,1,33,1,3,3,
./QF_LRA/miplib/pp08a-11000.smt2,real,11001,4,1100111001,4,5,6,
./QF_LRA/meti-tarski/sin/problem/7/weak2/sin-problem-7-weak2-chunk-0020.smt2,real,31415928,7,3141592831415928,14,5,16,
./QF_LRA/tta_startup/simple_startup_3nodes.missing.induct.smt2,real,25,1,2525,1,4,3,
./QF_LRA/TM/p5-zenonumeric_s5.smt2,real,7932,3,79327932,3,5,5,
./QF_LRA/miplib/pk1-50.smt2,real,732,2,732732,2,5,4,
./QF_LRA/meti-tarski/cbrt/3/cbrt-problem-3-chunk-0045.smt2,real,2,1,22,1,3,3,
./QF_LRA/DTP-Scheduling/constraints-tempo-depth-20.smt2,real,7,1,77,1,3,3,
./QF_LRA/meti-tarski/sin/problem/7/weak2/sin-problem-7-weak2-chunk-0005.smt2,real,3,1,33,1,2,3,
./QF_LRA/miplib/danoint-65.smt2,real,6270,3,62706270,5,5,7,
./QF_LRA/meti-tarski/sin/problem/7/weak/sin-problem-7-weak-chunk-0037.smt2,real,31415928,7,3141592831415928,14,6,16,
./QF_LRA/sc/sc-13.induction3.cvc.smt2,real,3,1,33,1,3,3,
./QF_LRA/uart/uart-11.induction.cvc.smt2,real,152,2,152152,3,4,5,
./QF_LRA/latendresse/ecoliFBAyicesTest-500.smt2,real,200852,5,200852200852,13,5,15,
./QF_LRA/sc/sc-38.induction.cvc.smt2,real,3,1,33,1,3,3,
./QF_LRA/meti-tarski/Chua/1/VC2/L/Chua-1-VC2-L-chunk-0012.smt2,real,290,2,290290,3,4,5,
./QF_LRA/meti-tarski/sqrt/1mcosq/7/sqrt-1mcosq-7-chunk-0100.smt2,real,31415928,7,3141592831415928,14,5,16,
./QF_LRA/2019-ezsmt/blending/19.smt2,real,20001,4,2000120001,6,5,8,
./QF_LRA/sc/sc-37.induction2.cvc.smt2,real,3,1,33,1,3,3,
./QF_LRA/meti-tarski/atan/problem/2/weak2/atan-problem-2-weak2-chunk-0084.smt2,real,2,1,22,1,2,3,
./QF_LRA/meti-tarski/sin/problem/7/weak/sin-problem-7-weak-chunk-0070.smt2,real,31415928,7,3141592831415928,14,6,16,
./QF_LRA/meti-tarski/Chua/1/VC1/U/Chua-1-VC1-U-chunk-0037.smt2,real,1771,3,17711771,8,4,10,
./QF_LRA/DTP-Scheduling/constraints-cooking17.smt2,real,18,1,1818,1,3,3,
./QF_LRA/meti-tarski/sqrt/1mcosq/7/sqrt-1mcosq-7-chunk-0059.smt2,real,31415928,7,3141592831415928,14,5,16,
./QF_LRA/uart/uart-20.induction.cvc.smt2,real,152,2,152152,3,4,5,
./QF_LRA/meti-tarski/sin/problem/7/sin-problem-7-chunk-0037.smt2,real,31415928,7,3141592831415928,14,5,16,
./QF_LRA/sc/sc-26.induction.cvc.smt2,real,3,1,33,1,3,3,
./QF_LRA/meti-tarski/cbrt/3/weak/cbrt-problem-3-weak-chunk-0051.smt2,real,33,1,3333,1,4,3,
./QF_LRA/sal/carpark/Carpark2-t1-4.smt2,real,51,1,5151,2,4,4,
./QF_LRA/sc/sc-32.induction3.cvc.smt2,real,3,1,33,1,3,3,
./QF_LRA/meti-tarski/sin/problem/7/weak/sin-problem-7-weak-chunk-0007.smt2,real,31415928,7,3141592831415928,14,5,16,
./QF_LRA/meti-tarski/sin/problem/7/weak2/sin-problem-7-weak2-chunk-0022.smt2,real,31415928,7,3141592831415928,14,5,16,
./QF_LRA/meti-tarski/sqrt/1mcosq/7/sqrt-1mcosq-7-chunk-0004.smt2,real,21,1,2121,1,3,3,
./QF_LRA/tropical-matrix/constraint-330061.smt2,real,1,1,11,1,2,3,
./QF_LRA/LassoRanker/CooperatingT2/sumit.t2.c_Iteration1_Lasso_4-pieceTemplate.smt2,real,2,1,22,1,3,3,
./QF_LRA/2017-Heizmann-UltimateInvariantSynthesis/_standard_strcmp_ground.i_4_2_2.bpl_11.smt2,real,400001,5,400001400001,10,6,12,
./QF_LRA/LassoRanker/CooperatingT2/fir.t2.c_Iteration4_Loop_7-phaseTemplate.smt2,real,2,1,22,1,3,3,
./QF_LRA/LassoRanker/CooperatingT2/ludcmp.c.i.ludcmp.pl.t2.fixed.t2.c_Iteration8_Loop_6-phaseTemplate.smt2,real,2,1,22,1,3,3,
./QF_LRA/sc/sc-40.induction2.cvc.smt2,real,3,1,33,1,3,3,
./QF_LRA/LassoRanker/CooperatingT2/ludcmp.t2.c_Iteration8_Loop_6-phaseTemplate.smt2,real,2,1,22,1,3,3,
./QF_LRA/LassoRanker/CooperatingT2/matrixsqrt.t2.c_Iteration12_Loop_4-pieceTemplate.smt2,real,2,1,22,1,3,3,
./QF_LRA/latendresse/shewanella-compact2b.smt2,real,19993,4,1999319993,7,5,9,
./QF_LRA/LassoRanker/CooperatingT2/ludcmp.c.i.ludcmp.pl.t2.fixed.t2.c_Iteration8_Loop_7-phaseTemplate.smt2,real,2,1,22,1,3,3,
./QF_LRA/meti-tarski/Chua/1/VC1/L/Chua-1-VC1-L-chunk-0109.smt2,real,1771,3,17711771,8,4,10,
./QF_LRA/TM/p-DepotsNum_s8.msat.smt2,real,324,2,324324,2,4,4,
./QF_LRA/TM/p2-driverlogNumeric_s10.smt2,real,982,2,982982,2,5,4,
./QF_LRA/meti-tarski/Chua/1/VC1/L/Chua-1-VC1-L-chunk-0008.smt2,real,1771,3,17711771,8,4,10,
./QF_LRA/DTP-Scheduling/constraints-tempo-depth-8.smt2,real,7,1,77,1,3,3,
./QF_LRA/meti-tarski/Chua/2/VC1/L/Chua-2-VC1-L-chunk-0046.smt2,real,442,2,442442,6,4,8,
./QF_LRA/meti-tarski/sin/problem/7/weak2/sin-problem-7-weak2-chunk-0090.smt2,real,31415928,7,3141592831415928,14,5,16,
./QF_LRA/meti-tarski/polypaver/bench-exp-3d/polypaver-bench-exp-3d-chunk-0021.smt2,real,2,1,22,1,3,3,
./QF_LRA/meti-tarski/sqrt/1mcosq/7/sqrt-1mcosq-7-chunk-0098.smt2,real,31415928,7,3141592831415928,14,5,16,
./QF_LRA/meti-tarski/cbrt/3/cbrt-problem-3-chunk-0073.smt2,real,3,1,33,1,3,3,
./QF_LRA/uart/uart-24.induction.cvc.smt2,real,152,2,152152,3,4,5,
./QF_LRA/tropical-matrix/constraint-436218.smt2,real,1,1,11,1,2,3,
./QF_LRA/LassoRanker/Ultimate/yPositive-SIscaled75.bpl_Iteration1_Loop_4-phaseTemplate.smt2,real,2,1,22,1,3,3,
./QF_LRA/latendresse/ecoliFBAyicesTest-875.smt2,real,200852,5,200852200852,13,5,15,
./QF_LRA/meti-tarski/cbrt/3/cbrt-problem-3-chunk-0043.smt2,real,33,1,3333,1,4,3,
./QF_LRA/sc/sc-8.induction.cvc.smt2,real,3,1,33,1,3,3,
./QF_LRA/LassoRanker/CooperatingT2/bubbleSort.t2.c_Iteration3_Loop_4-pieceTemplate.smt2,real,2,1,22,1,3,3,
./QF_LRA/2019-ezsmt/blending/7.smt2,real,20001,4,2000120001,6,5,8,
./QF_LRA/2019-ezsmt/blending/21.smt2,real,20001,4,2000120001,6,5,8,
./QF_LRA/tropical-matrix/constraint-199552.smt2,real,1,1,11,1,2,3,
./QF_LRA/meti-tarski/Chua/1/VC1/U/Chua-1-VC1-U-chunk-0045.smt2,real,1771,3,17711771,8,4,10,
./QF_LRA/meti-tarski/sin/problem/7/weak/sin-problem-7-weak-chunk-0020.smt2,real,31415928,7,3141592831415928,14,5,16,
./QF_LRA/meti-tarski/sin/problem/7/sin-problem-7-chunk-0036.smt2,real,31415928,7,3141592831415928,14,5,16,
./QF_LRA/meti-tarski/Chua/1/VC1/L/Chua-1-VC1-L-chunk-0011.smt2,real,1771,3,17711771,8,4,10,
./QF_LRA/LassoRanker/Ultimate/MenloPark.bpl_Iteration1_Lasso_4-pieceTemplate.smt2,real,101,2,101101,4,5,6,
./QF_LRA/meti-tarski/sqrt/1mcosq/7/sqrt-1mcosq-7-chunk-0105.smt2,real,31415928,7,3141592831415928,14,5,16,
./QF_LRA/DTP-Scheduling/constraints-cooking13.smt2,real,18,1,1818,1,3,3,
./QF_LRA/check/bignum_lra1.smt2,real,800001,5,800001800001,10,5,12,
./QF_LRA/LassoRanker/Ultimate/Damaskus.bpl_Iteration1_Lasso_6-phaseTemplate.smt2,real,2,1,22,1,3,3,
./QF_LRA/LassoRanker/CooperatingT2/sas2.t2.c_Iteration1_Lasso_6-phaseTemplate.smt2,real,5,1,55,1,3,3,
./QF_LRA/DTP-Scheduling/constraints-tempo-width-8.smt2,real,7,1,77,1,3,3,
./QF_LRA/meti-tarski/polypaver/bench-exp-3d/polypaver-bench-exp-3d-chunk-0037.smt2,real,4,1,44,1,3,3,
./QF_LRA/LassoRanker/Ultimate/Gcd_havoc.bpl_Iteration1_Lasso_7-phaseTemplate.smt2,real,2,1,22,1,3,3,
./QF_LRA/meti-tarski/polypaver/bench-exp-3d/polypaver-bench-exp-3d-chunk-0042.smt2,real,15,1,1515,1,3,3,
./QF_LRA/LassoRanker/CooperatingT2/wrong_loop.t2.c_Iteration2_Loop_4-pieceTemplate.smt2,real,2,1,22,1,3,3,
./QF_LRA/tta_startup/simple_startup_5nodes.missing.induct.smt2,real,43,1,4343,1,4,3,
./QF_LRA/DTP-Scheduling/constraints-tempo-depth-5.smt2,real,7,1,77,1,3,3,
./QF_LRA/sc/sc-14.induction2.cvc.smt2,real,3,1,33,1,3,3,
./QF_LRA/DTP-Scheduling/constraints-tempo-depth-2.smt2,real,7,1,77,1,3,3,
./QF_LRA/uart/uart-40.induction.cvc.smt2,real,152,2,152152,3,4,5,
./QF_LRA/latendresse/ecoliMILPglycerolYices3-100000.smt2,real,200852,5,200852200852,13,6,15,
./QF_LRA/meti-tarski/Chua/1/VC2/U/Chua-1-VC2-U-chunk-0142.smt2,real,12501,4,1250112501,5,4,7,
./QF_LRA/uart/uart-38.induction.cvc.smt2,real,152,2,152152,3,4,5,
./QF_LRA/meti-tarski/bottom-plate-mixer/bottom-plate-mixer-chunk-0053.smt2,real,366500001,8,366500001366500001,11,6,13,
./QF_LRA/sc/sc-31.induction2.cvc.smt2,real,3,1,33,1,3,3,
./QF_LRA/sc/sc-32.induction.cvc.smt2,real,3,1,33,1,3,3,
./QF_LRA/sc/sc-8.induction2.cvc.smt2,real,3,1,33,1,3,3,
./QF_LRA/sal/windowreal/windowreal-safe2-4.smt2,real,11,1,1111,1,3,3,
./QF_LRA/uart/uart-22.induction.cvc.smt2,real,152,2,152152,3,4,5,
./QF_LRA/meti-tarski/Chua/1/VC2/L/Chua-1-VC2-L-chunk-0011.smt2,real,290,2,290290,3,4,5,
./QF_LRA/tta_startup/simple_startup_7nodes.bug.induct.smt2,real,61,1,6161,1,4,3,
./QF_LRA/meti-tarski/polypaver/bench-exp-3d/polypaver-bench-exp-3d-chunk-0041.smt2,real,4,1,44,1,3,3,
./QF_LRA/LassoRanker/CooperatingT2/elmhes.c.i.elmhes.pl.t2.fixed.t2.c_Iteration4_Loop_4-pieceTemplate.smt2,real,2,1,22,1,3,3,
./QF_LRA/sc/sc-20.induction.cvc.smt2,real,3,1,33,1,3,3,
./QF_LRA/meti-tarski/sin/problem/7/sin-problem-7-chunk-0019.smt2,real,31415928,7,3141592831415928,14,5,16,
./QF_LRA/2019-ezsmt/blending/28.smt2,real,20001,4,2000120001,6,5,8,
./QF_LRA/meti-tarski/polypaver/bench-exp-3d/polypaver-bench-exp-3d-chunk-0045.smt2,real,3,1,33,1,3,3,
./QF_LRA/DTP-Scheduling/constraints-cooking21.smt2,real,18,1,1818,1,3,3,
./QF_LRA/meti-tarski/sin/problem/7/sin-problem-7-chunk-0009.smt2,real,31415928,7,3141592831415928,14,5,16,
./QF_LRA/meti-tarski/sin/problem/8/weak/sin-problem-8-weak-chunk-0011.smt2,real,31415928,7,3141592831415928,14,5,16,
./QF_LRA/latendresse/ecoliFBAyicesTest-15875-16.smt2,real,200852,5,200852200852,13,5,15,
./QF_LRA/sc/sc-11.induction2.cvc.smt2,real,3,1,33,1,3,3,
./QF_LRA/LassoRanker/CooperatingT2/elmhes.c.i.elmhes.pl.t2.fixed.t2.c_Iteration4_Loop_7-phaseTemplate.smt2,real,2,1,22,1,3,3,
./QF_LRA/meti-tarski/Chua/2/VC2/L/Chua-2-VC2-L-chunk-0026.smt2,real,251,2,251251,4,4,6,
./QF_LRA/sc/sc-35.induction3.cvc.smt2,real,3,1,33,1,3,3,
./QF_LRA/meti-tarski/sin/problem/7/weak2/sin-problem-7-weak2-chunk-0013.smt2,real,31415928,7,3141592831415928,14,5,16,
./QF_LRA/LassoRanker/CooperatingT2/loop3.t2.c_Iteration25_Lasso_4-pieceTemplate.smt2,real,141,2,141141,4,5,6,
./QF_LRA/meti-tarski/cbrt/3/cbrt-problem-3-chunk-0036.smt2,real,2,1,22,1,3,3,
./QF_LRA/sc/sc-29.induction3.cvc.smt2,real,3,1,33,1,3,3,
./QF_LRA/uart/uart-37.induction.cvc.smt2,real,152,2,152152,3,4,5,
./QF_LRA/meti-tarski/sin/problem/7/weak/sin-problem-7-weak-chunk-0050.smt2,real,31415928,7,3141592831415928,14,6,16,
./QF_LRA/meti-tarski/Chua/2/IL/L/Chua-2-IL-L-chunk-0066.smt2,real,2025130728,9,20251307282025130728,25,6,27,
./QF_LRA/meti-tarski/sqrt/1mcosq/8/sqrt-1mcosq-8-chunk-0033.smt2,real,31415928,7,3141592831415928,14,5,16,
./QF_LRA/TM/p5-driverlogNumeric_s8.smt2,real,655,2,655655,2,5,4,
./QF_LRA/meti-tarski/sin/problem/7/weak/sin-problem-7-weak-chunk-0055.smt2,real,31415928,7,3141592831415928,14,6,16,
./QF_LRA/uart/uart-16.induction.cvc.smt2,real,152,2,152152,3,4,5,
./QF_LRA/LassoRanker/SV-COMP/BradleyMannaSipma-2005CAV-Fig1_true-termination.c_Iteration1_Lasso_6-phaseTemplate.smt2,real,2,1,22,1,3,3,
./QF_LRA/sc/sc-18.induction3.cvc.smt2,real,3,1,33,1,3,3,
./QF_LRA/meti-tarski/atan/problem/2/weak/atan-problem-2-weak-chunk-0200.smt2,real,3,1,33,1,3,3,
./QF_LRA/LassoRanker/CooperatingT2/selectSort.t2.c_Iteration3_Loop_4-pieceTemplate.smt2,real,2,1,22,1,3,3,
./QF_LRA/meti-tarski/bottom-plate-mixer/bottom-plate-mixer-chunk-0017.smt2,real,366500001,8,366500001366500001,14,5,16,
./QF_LRA/miplib/opt1217--16.smt2,real,385,2,385385,2,5,4,
./QF_LRA/sc/sc-23.induction2.cvc.smt2,real,3,1,33,1,3,3,
./QF_LRA/meti-tarski/sin/problem/7/weak/sin-problem-7-weak-chunk-0094.smt2,real,31415928,7,3141592831415928,14,6,16,
./QF_LRA/tta_startup/simple_startup_6nodes.missing.induct.smt2,real,52,1,5252,1,4,3,
./QF_LRA/meti-tarski/polypaver/bench-exp-3d/polypaver-bench-exp-3d-chunk-0050.smt2,real,3,1,33,1,3,3,
./QF_LRA/DTP-Scheduling/constraints-tempo-width-50.smt2,real,7,1,77,1,3,3,
./QF_LRA/meti-tarski/sin/problem/7/weak/sin-problem-7-weak-chunk-0049.smt2,real,31415928,7,3141592831415928,14,6,16,
./QF_LRA/uart/uart-19.induction.cvc.smt2,real,152,2,152152,3,4,5,
./QF_LRA/meti-tarski/Chua/1/IL/L/Chua-1-IL-L-chunk-0028.smt2,real,236,2,236236,5,4,7,
./QF_LRA/2017-Heizmann-UltimateInvariantSynthesis/_standard_running.i_4_2_2.bpl_7.smt2,real,100001,5,100001100001,10,6,12,
./QF_LRA/sc/sc-38.induction2.cvc.smt2,real,3,1,33,1,3,3,
./QF_LRA/meti-tarski/bottom-plate-mixer/bottom-plate-mixer-chunk-0010.smt2,real,10000001,7,1000000110000001,13,5,15,
./QF_LRA/sc/sc-14.induction3.cvc.smt2,real,3,1,33,1,3,3,
./QF_LRA/LassoRanker/CooperatingT2/sas2.t2.c_Iteration3_Lasso_5-phaseTemplate.smt2,real,5,1,55,1,3,3,
./QF_LRA/LassoRanker/CooperatingT2/queens.t2.c_Iteration19_Loop_7-phaseTemplate.smt2,real,4,1,44,1,3,3,
./QF_LRA/LassoRanker/CooperatingT2/sumit.t2.c_Iteration1_Lasso_6-phaseTemplate.smt2,real,2,1,22,1,3,3,
./QF_LRA/sc/sc-26.induction3.cvc.smt2,real,3,1,33,1,3,3,
./QF_LRA/LassoRanker/CooperatingT2/sas2.t2.c_Iteration5_Lasso_5-phaseTemplate.smt2,real,2,1,22,1,3,3,
./QF_LRA/LassoRanker/CooperatingT2/polyrank4.t2.c_Iteration10_Loop_7-phaseTemplate.smt2,real,3,1,33,1,3,3,
./QF_LRA/sc/sc-31.induction3.cvc.smt2,real,3,1,33,1,3,3,
./QF_LRA/LassoRanker/SV-COMP/NoriSharma-2013FSE-Fig7_true-termination.c_Iteration1_Loop_7-phaseTemplate.smt2,real,2,1,22,1,3,3,
./QF_LRA/miplib/pk1-11.smt2,real,732,2,732732,2,5,4,
./QF_LRA/2017-Heizmann-UltimateInvariantSynthesis/_standard_init9_ground.i_3_2_2.bpl_7.smt2,real,100001,5,100001100001,10,6,12,
./QF_LRA/2017-Heizmann-UltimateInvariantSynthesis/_sanfoundry_10_ground.i_6_3_3.bpl_13.smt2,real,100001,5,100001100001,10,6,12,
./QF_LRA/LassoRanker/Ultimate/GcdNew.bpl_Iteration1_Lasso_6-phaseTemplate.smt2,real,2,1,22,1,3,3,
./QF_LRA/LassoRanker/CooperatingT2/sas2.t2.c_Iteration3_Lasso_6-phaseTemplate.smt2,real,5,1,55,1,3,3,
./QF_LRA/2017-Heizmann-UltimateInvariantSynthesis/_functions1.i_3_5_2.bpl_11.smt2,real,4294967296,9,42949672964294967296,18,7,20,
./QF_LRA/LassoRanker/Ultimate/yPositive-SIscaled75.bpl_Iteration1_Loop_7-phaseTemplate.smt2,real,2,1,22,1,3,3,
./QF_LRA/LassoRanker/SV-COMP/BradleyMannaSipma-2005CAV-Fig1_true-termination.c_Iteration1_Lasso_7-phaseTemplate.smt2,real,2,1,22,1,3,3,
./QF_LRA/miplib/danoint-66.smt2,real,6270,3,62706270,5,5,7,
./QF_LRA/LassoRanker/CooperatingT2/byron-2.t2.c_Iteration2_Loop_7-phaseTemplate.smt2,real,2,1,22,1,3,3,
./QF_LRA/tropical-matrix/constraint-343414.smt2,real,1,1,11,1,2,3,
./QF_LRA/2017-Heizmann-UltimateInvariantSynthesis/_overflow1.i_3_8_2.bpl_11.smt2,real,4294967306,9,42949673064294967306,18,7,20,
./QF_LRA/miplib/opt1217--37.smt2,real,385,2,385385,2,5,4,
./QF_LRA/miplib/danoint-266.smt2,real,6270,3,62706270,5,5,7,
./QF_LRA/tta_startup/simple_startup_15nodes.abstract.induct.smt2,real,133,2,133133,2,4,4,
./QF_LRA/miplib/pk1-20.smt2,real,732,2,732732,2,5,4,
./QF_LRA/LassoRanker/Ultimate/Braverman-2006CAV-Ex1-int.bpl_Iteration1_Lasso_7-phaseTemplate.smt2,real,5,1,55,1,3,3,
./QF_LRA/LassoRanker/CooperatingT2/sas2.t2.c_Iteration5_Lasso_2-pieceTemplate.smt2,real,2,1,22,1,3,3,
./QF_LRA/2017-Heizmann-UltimateInvariantSynthesis/_array_ptr_single_elem_init.i_4_2_2.bpl_7.smt2,real,100001,5,100001100001,10,6,12,
./QF_LRA/latendresse/ecoliMILPglycerolYices3-60000.smt2,real,200852,5,200852200852,13,6,15,
./QF_LRA/latendresse/ecoliMILPglycerolYices3-300000.smt2,real,300001,5,300001300001,13,6,15,
./QF_LRA/miplib/fixnet-3983.smt2,real,3984,3,39843984,3,5,5,
./QF_LRA/latendresse/ecoliMILPglycerolYices3-70000.smt2,real,200852,5,200852200852,13,6,15,
./QF_LRA/latendresse/ecoliMILPglycerolYices3-5000.smt2,real,200852,5,200852200852,13,6,15,
./QF_LRA/tropical-matrix/constraint-556101.smt2,real,1,1,11,1,2,3,
./QF_LRA/LassoRanker/CooperatingT2/sumit.t2.c_Iteration1_Lasso_7-phaseTemplate.smt2,real,2,1,22,1,3,3,
./QF_LRA/LassoRanker/SV-COMP/LeeJonesBen-Amram-2001POPL-Ex5_true-termination.c_Iteration2_Lasso_7-phaseTemplate.smt2,real,2,1,22,1,3,3,
./QF_LRA/LassoRanker/CooperatingT2/eric.t2.c_Iteration1_Lasso_4-pieceTemplate.smt2,real,2,1,22,1,3,3,
./QF_LRA/tropical-matrix/constraint-1007893.smt2,real,1,1,11,1,2,3,
