./QF_LRA/sc/sc-5.induction.cvc.smt2,0.03,false
./QF_LRA/sc/sc-6.induction.cvc.smt2,0.03,false
./QF_LRA/sc/sc-7.induction3.cvc.smt2,0.05,false
./QF_LRA/sc/sc-13.induction2.cvc.smt2,0.06,false
./QF_LRA/sc/sc-17.induction3.cvc.smt2,0.05,false
./QF_LRA/sc/sc-12.induction2.cvc.smt2,0.04,false
./QF_LRA/sc/sc-6.induction3.cvc.smt2,0.04,false
./QF_LRA/sc/sc-10.induction2.cvc.smt2,0.04,false
./QF_LRA/sc/sc-8.induction.cvc.smt2,0.04,false
./QF_LRA/sc/sc-9.induction3.cvc.smt2,0.03,false
./QF_LRA/sc/sc-14.induction.cvc.smt2,0.05,false
./QF_LRA/sc/sc-16.induction3.cvc.smt2,0.06,false
./QF_LRA/sc/sc-5.induction2.cvc.smt2,0.04,false
./QF_LRA/sc/sc-33.induction3.cvc.smt2,0.09,false
./QF_LRA/sc/sc-39.induction3.cvc.smt2,0.10,false
./QF_LRA/sc/sc-17.induction2.cvc.smt2,0.06,false
./QF_LRA/sc/sc-5.induction3.cvc.smt2,0.03,false
./QF_LRA/sc/sc-7.induction.cvc.smt2,0.03,false
./QF_LRA/sc/sc-35.induction2.cvc.smt2,0.10,false
./QF_LRA/sc/sc-24.induction.cvc.smt2,0.07,false
./QF_LRA/sc/sc-18.induction2.cvc.smt2,0.06,false
./QF_LRA/sc/sc-8.induction3.cvc.smt2,0.04,false
./QF_LRA/sc/sc-34.induction2.cvc.smt2,0.09,false
./QF_LRA/sc/sc-30.induction3.cvc.smt2,0.09,false
./QF_LRA/sc/sc-25.induction3.cvc.smt2,0.08,false
./QF_LRA/sc/sc-15.induction2.cvc.smt2,0.07,false
./QF_LRA/sc/sc-11.induction2.cvc.smt2,0.06,false
./QF_LRA/sc/sc-38.induction2.cvc.smt2,0.10,false
./QF_LRA/sc/sc-17.induction.cvc.smt2,0.06,false
./QF_LRA/sc/sc-24.induction2.cvc.smt2,0.07,false
./QF_LRA/sc/sc-36.induction.cvc.smt2,0.12,false
./QF_LRA/sc/sc-22.induction3.cvc.smt2,0.07,false
./QF_LRA/sc/sc-10.induction.cvc.smt2,0.03,false
./QF_LRA/sc/sc-19.induction.cvc.smt2,0.06,false
./QF_LRA/sc/sc-21.induction.cvc.smt2,0.09,false
./QF_LRA/sc/sc-20.induction3.cvc.smt2,0.09,false
./QF_LRA/sc/sc-12.induction3.cvc.smt2,0.06,false
./QF_LRA/sc/sc-18.induction.cvc.smt2,0.08,false
./QF_LRA/sc/sc-11.induction.cvc.smt2,0.04,false
./QF_LRA/sc/sc-10.induction3.cvc.smt2,0.05,false
./QF_LRA/sc/sc-29.induction.cvc.smt2,0.10,false
./QF_LRA/sc/sc-25.induction.cvc.smt2,0.11,false
./QF_LRA/sc/sc-22.induction2.cvc.smt2,0.07,false
./QF_LRA/sc/sc-31.induction2.cvc.smt2,0.09,false
./QF_LRA/sc/sc-30.induction.cvc.smt2,0.11,false
./QF_LRA/sc/sc-23.induction2.cvc.smt2,0.07,false
./QF_LRA/sc/sc-14.induction2.cvc.smt2,0.05,false
./QF_LRA/sc/sc-26.induction3.cvc.smt2,0.10,false
./QF_LRA/sc/sc-26.induction.cvc.smt2,0.07,false
./QF_LRA/sc/sc-25.induction2.cvc.smt2,0.07,false
./QF_LRA/sc/sc-20.induction2.cvc.smt2,0.08,false
./QF_LRA/sc/sc-37.induction2.cvc.smt2,0.13,false
./QF_LRA/sc/sc-35.induction.cvc.smt2,0.16,false
./QF_LRA/sc/sc-15.induction.cvc.smt2,0.05,false
./QF_LRA/sc/sc-23.induction.cvc.smt2,0.09,false
./QF_LRA/sc/sc-20.induction.cvc.smt2,0.09,false
./QF_LRA/sc/sc-40.induction2.cvc.smt2,0.17,false
./QF_LRA/sc/sc-32.induction3.cvc.smt2,0.13,false
./QF_LRA/sc/sc-13.induction.cvc.smt2,0.06,false
./QF_LRA/sc/sc-34.induction3.cvc.smt2,0.09,false
./QF_LRA/sc/sc-29.induction2.cvc.smt2,0.11,false
./QF_LRA/sc/sc-9.induction.cvc.smt2,0.04,false
./QF_LRA/sc/sc-23.induction3.cvc.smt2,0.07,false
./QF_LRA/sc/sc-27.induction3.cvc.smt2,0.08,false
./QF_LRA/sc/sc-31.induction3.cvc.smt2,0.13,false
./QF_LRA/sc/sc-9.induction2.cvc.smt2,0.05,false
./QF_LRA/sc/sc-38.induction3.cvc.smt2,0.14,false
./QF_LRA/sc/sc-19.induction2.cvc.smt2,0.06,false
./QF_LRA/sc/sc-18.induction3.cvc.smt2,0.06,false
./QF_LRA/sc/sc-14.induction3.cvc.smt2,0.07,false
./QF_LRA/sc/sc-27.induction2.cvc.smt2,0.10,false
./QF_LRA/sc/sc-12.induction.cvc.smt2,0.06,false
./QF_LRA/sc/sc-32.induction.cvc.smt2,0.11,false
./QF_LRA/sc/sc-22.induction.cvc.smt2,0.08,false
./QF_LRA/sc/sc-32.induction2.cvc.smt2,0.10,false
./QF_LRA/sc/sc-8.induction2.cvc.smt2,0.03,false
./QF_LRA/sc/sc-39.induction2.cvc.smt2,0.13,false
./QF_LRA/sc/sc-16.induction.cvc.smt2,0.05,false
./QF_LRA/sc/sc-7.induction2.cvc.smt2,0.03,false
./QF_LRA/sc/sc-28.induction.cvc.smt2,0.11,false
./QF_LRA/sc/sc-28.induction3.cvc.smt2,0.11,false
./QF_LRA/sc/sc-19.induction3.cvc.smt2,0.06,false
./QF_LRA/sc/sc-13.induction3.cvc.smt2,0.04,false
./QF_LRA/sc/sc-16.induction2.cvc.smt2,0.06,false
./QF_LRA/sc/sc-6.induction2.cvc.smt2,0.04,false
./QF_LRA/sc/sc-21.induction3.cvc.smt2,0.08,false
./QF_LRA/sc/sc-37.induction.cvc.smt2,0.15,false
./QF_LRA/sc/sc-39.induction.cvc.smt2,0.11,false
./QF_LRA/sc/sc-11.induction3.cvc.smt2,0.04,false
./QF_LRA/sc/sc-29.induction3.cvc.smt2,0.08,false
./QF_LRA/sc/sc-37.induction3.cvc.smt2,0.10,false
./QF_LRA/sc/sc-26.induction2.cvc.smt2,0.07,false
./QF_LRA/sc/sc-33.induction2.cvc.smt2,0.11,false
./QF_LRA/sc/sc-33.induction.cvc.smt2,0.09,false
./QF_LRA/sc/sc-30.induction2.cvc.smt2,0.13,false
./QF_LRA/sc/sc-28.induction2.cvc.smt2,0.10,false
./QF_LRA/sc/sc-24.induction3.cvc.smt2,0.07,false
./QF_LRA/sc/sc-15.induction3.cvc.smt2,0.05,false
./QF_LRA/sc/sc-31.induction.cvc.smt2,0.09,false
./QF_LRA/sc/sc-21.induction2.cvc.smt2,0.09,false
./QF_LRA/sc/sc-36.induction3.cvc.smt2,0.15,false
./QF_LRA/LassoRanker/Ultimate/Braverman-2006CAV-Ex1-int.bpl_Iteration1_Loop_7-phaseTemplate.smt2,0.03,false
./QF_LRA/LassoRanker/Ultimate/MenloPark.bpl_Iteration1_Lasso_7-phaseTemplate.smt2,0.05,false
./QF_LRA/TM/p-0-bucket_s7.smt2,0.08,false
./QF_LRA/LassoRanker/Ultimate/Braverman-2006CAV-Ex1-int.bpl_Iteration1_Lasso_7-phaseTemplate.smt2,0.04,false
./QF_LRA/sc/sc-40.induction3.cvc.smt2,0.13,false
./QF_LRA/DTP-Scheduling/constraints-tempo-depth-5.smt2,0.01,false
./QF_LRA/sc/sc-36.induction2.cvc.smt2,0.10,false
./QF_LRA/DTP-Scheduling/constraints-tempo-depth-3.smt2,0.01,false
./QF_LRA/DTP-Scheduling/constraints-cooking04.smt2,0.01,false
./QF_LRA/DTP-Scheduling/constraints-tempo-width-8.smt2,0.02,false
./QF_LRA/DTP-Scheduling/constraints-tempo-matrix2x2.pddl.smt2,0.01,false
./QF_LRA/sc/sc-38.induction.cvc.smt2,0.11,false
./QF_LRA/DTP-Scheduling/constraints-cooking13.smt2,0.02,false
./QF_LRA/DTP-Scheduling/constraints-tempo-width-3.smt2,0.01,false
./QF_LRA/DTP-Scheduling/constraints-cooking05.smt2,0.02,false
./QF_LRA/DTP-Scheduling/constraints-tms-2-3-light-05.smt2,0.01,false
./QF_LRA/LassoRanker/Ultimate/MenloPark.bpl_Iteration1_Lasso_4-pieceTemplate.smt2,0.09,false
./QF_LRA/DTP-Scheduling/constraints-tempo-width-2.smt2,0.01,false
./QF_LRA/DTP-Scheduling/constraints-tempo-width-4.smt2,0.02,false
./QF_LRA/DTP-Scheduling/constraints-cooking10.smt2,0.02,false
./QF_LRA/sc/sc-35.induction3.cvc.smt2,0.13,false
./QF_LRA/sc/sc-27.induction.cvc.smt2,0.12,false
./QF_LRA/sc/sc-40.induction.cvc.smt2,0.13,false
./QF_LRA/DTP-Scheduling/constraints-tms-2-3-light-30.smt2,0.03,false
./QF_LRA/sc/sc-34.induction.cvc.smt2,0.14,false
./QF_LRA/TM/p-0-bucket_s10.smt2,0.12,false
./QF_LRA/DTP-Scheduling/constraints-cooking09.smt2,0.02,false
./QF_LRA/DTP-Scheduling/constraints-cooking23.smt2,0.03,false
./QF_LRA/LassoRanker/CooperatingT2/loop3.t2.c_Iteration25_Lasso_4-pieceTemplate.smt2,0.09,false
./QF_LRA/DTP-Scheduling/constraints-tms-2-3-light-03.smt2,0.01,false
./QF_LRA/DTP-Scheduling/constraints-tms-2-3-light-07.smt2,0.02,false
./QF_LRA/DTP-Scheduling/constraints-tempo-width-10.smt2,0.02,false
./QF_LRA/DTP-Scheduling/constraints-tempo-depth-4.smt2,0.02,false
./QF_LRA/DTP-Scheduling/constraints-cooking19.smt2,0.03,false
./QF_LRA/DTP-Scheduling/constraints-cooking21.smt2,0.04,false
./QF_LRA/DTP-Scheduling/constraints-tms-2-3-light-10.smt2,0.02,false
./QF_LRA/DTP-Scheduling/constraints-cooking07.smt2,0.01,false
./QF_LRA/DTP-Scheduling/constraints-tms-2-3-light-06.smt2,0.01,false
./QF_LRA/DTP-Scheduling/constraints-tempo-matrix1x1.pddl.smt2,0.01,false
./QF_LRA/DTP-Scheduling/constraints-tms-2-3-light-90.smt2,0.09,false
./QF_LRA/DTP-Scheduling/constraints-tms-2-3-light-80.smt2,0.07,false
./QF_LRA/LassoRanker/CooperatingT2/sort.t2.c_Iteration5_Loop_7-phaseTemplate.smt2,0.13,false
./QF_LRA/DTP-Scheduling/constraints-tms-2-3-light-09.smt2,0.02,false
./QF_LRA/LassoRanker/CooperatingT2/matrixsqrt.t2.c_Iteration12_Loop_7-phaseTemplate.smt2,0.12,false
./QF_LRA/DTP-Scheduling/constraints-tempo-matrix4x4.pddl.smt2,0.03,false
./QF_LRA/DTP-Scheduling/constraints-tms-2-3-light-40.smt2,0.03,false
./QF_LRA/DTP-Scheduling/constraints-tms-2-3-light-20.smt2,0.03,false
./QF_LRA/DTP-Scheduling/constraints-tms-2-3-light-08.smt2,0.02,false
./QF_LRA/DTP-Scheduling/constraints-cooking15.smt2,0.02,false
./QF_LRA/DTP-Scheduling/constraints-tempo-width-20.smt2,0.04,false
./QF_LRA/LassoRanker/Ultimate/Gcd_havoc.bpl_Iteration1_Lasso_6-phaseTemplate.smt2,0.15,false
./QF_LRA/DTP-Scheduling/constraints-tms-2-3-light-04.smt2,0.02,false
./QF_LRA/DTP-Scheduling/constraints-cooking14.smt2,0.02,false
./QF_LRA/LassoRanker/Ultimate/Gcd_havoc.bpl_Iteration1_Lasso_7-phaseTemplate.smt2,0.16,false
./QF_LRA/DTP-Scheduling/constraints-cooking22.smt2,0.04,false
./QF_LRA/DTP-Scheduling/constraints-cooking12.smt2,0.02,false
./QF_LRA/DTP-Scheduling/constraints-tempo-width-40.smt2,0.06,false
./QF_LRA/DTP-Scheduling/constraints-cooking18.smt2,0.03,false
./QF_LRA/DTP-Scheduling/constraints-tempo-width-1.smt2,0.01,false
./QF_LRA/DTP-Scheduling/constraints-cooking20.smt2,0.03,false
./QF_LRA/DTP-Scheduling/constraints-tempo-width-6.smt2,0.02,false
./QF_LRA/DTP-Scheduling/constraints-cooking11.smt2,0.02,false
./QF_LRA/DTP-Scheduling/constraints-tempo-depth-2.smt2,0.01,false
./QF_LRA/DTP-Scheduling/constraints-cooking08.smt2,0.02,false
./QF_LRA/DTP-Scheduling/constraints-cooking02.smt2,0.01,false
./QF_LRA/DTP-Scheduling/constraints-cooking17.smt2,0.03,false
./QF_LRA/DTP-Scheduling/constraints-cooking16.smt2,0.03,false
./QF_LRA/DTP-Scheduling/constraints-tempo-width-5.smt2,0.01,false
./QF_LRA/DTP-Scheduling/constraints-tms-2-3-light-60.smt2,0.04,false
./QF_LRA/DTP-Scheduling/constraints-tms-2-3-light-70.smt2,0.05,false
./QF_LRA/DTP-Scheduling/constraints-cooking06.smt2,0.02,false
./QF_LRA/DTP-Scheduling/constraints-tempo-width-9.smt2,0.02,true
./QF_LRA/DTP-Scheduling/constraints-cooking01.smt2,0.01,false
./QF_LRA/DTP-Scheduling/constraints-cooking03.smt2,0.01,false
./QF_LRA/DTP-Scheduling/constraints-tempo-width-50.smt2,0.11,false
./QF_LRA/DTP-Scheduling/constraints-tempo-width-7.smt2,0.02,false
./QF_LRA/DTP-Scheduling/constraints-tempo-matrix3x3.pddl.smt2,0.02,false
./QF_LRA/LassoRanker/CooperatingT2/matrixsqrt.t2.c_Iteration12_Loop_4-pieceTemplate.smt2,0.20,false
./QF_LRA/DTP-Scheduling/constraints-tempo-matrix5x5.pddl.smt2,0.03,false
./QF_LRA/DTP-Scheduling/constraints-tempo-width-30.smt2,0.05,false
./QF_LRA/uart/uart-6.induction.cvc.smt2,0.04,false
./QF_LRA/LassoRanker/Ultimate/Gcd.bpl_Iteration1_Lasso_7-phaseTemplate.smt2,0.28,false
./QF_LRA/uart/uart-8.induction.cvc.smt2,0.05,false
./QF_LRA/uart/uart-13.induction.cvc.smt2,0.05,false
./QF_LRA/uart/uart-11.induction.cvc.smt2,0.04,false
./QF_LRA/uart/uart-21.induction.cvc.smt2,0.07,false
./QF_LRA/uart/uart-10.induction.cvc.smt2,0.04,false
./QF_LRA/uart/uart-17.induction.cvc.smt2,0.08,false
./QF_LRA/uart/uart-15.induction.cvc.smt2,0.08,false
./QF_LRA/uart/uart-7.induction.cvc.smt2,0.03,false
./QF_LRA/uart/uart-22.induction.cvc.smt2,0.07,false
./QF_LRA/uart/uart-25.induction.cvc.smt2,0.07,false
./QF_LRA/uart/uart-9.induction.cvc.smt2,0.05,false
./QF_LRA/uart/uart-5.induction.cvc.smt2,0.04,false
./QF_LRA/uart/uart-19.induction.cvc.smt2,0.08,true
./QF_LRA/sal/windowreal/windowreal-safe-4.smt2,0.02,false
./QF_LRA/LassoRanker/Ultimate/Gcd_havoc.bpl_Iteration1_Lasso_3-pieceTemplate.smt2,0.32,false
./QF_LRA/uart/uart-18.induction.cvc.smt2,0.08,false
./QF_LRA/sal/windowreal/windowreal-safe2-4.smt2,0.02,false
./QF_LRA/uart/uart-32.induction.cvc.smt2,0.09,false
./QF_LRA/sal/windowreal/windowreal-safe-3.smt2,0.02,false
./QF_LRA/uart/uart-33.induction.cvc.smt2,0.11,false
./QF_LRA/sal/windowreal/windowreal-safe2-3.smt2,0.02,true
./QF_LRA/uart/uart-12.induction.cvc.smt2,0.05,false
./QF_LRA/uart/uart-16.induction.cvc.smt2,0.08,false
./QF_LRA/uart/uart-20.induction.cvc.smt2,0.07,false
./QF_LRA/uart/uart-26.induction.cvc.smt2,0.09,false
./QF_LRA/tropical-matrix/constraint-199552.smt2,0.30,false
./QF_LRA/LassoRanker/CooperatingT2/elmhes.c.i.elmhes.pl.t2.fixed.t2.c_Iteration4_Loop_4-pieceTemplate.smt2,0.31,false
./QF_LRA/meti-tarski/asin/8/asin-8-chunk-0032.smt2,0.01,false
./QF_LRA/uart/uart-14.induction.cvc.smt2,0.07,false
./QF_LRA/meti-tarski/asin/8/vars4/asin-8-vars4-chunk-0023.smt2,0.01,false
./QF_LRA/uart/uart-35.induction.cvc.smt2,0.13,false
./QF_LRA/uart/uart-29.induction.cvc.smt2,0.11,false
./QF_LRA/meti-tarski/asin/8/asin-8-chunk-0030.smt2,0.01,false
./QF_LRA/meti-tarski/cbrt/3/cbrt-problem-3-chunk-0045.smt2,0.01,false
./QF_LRA/uart/uart-37.induction.cvc.smt2,0.13,false
./QF_LRA/meti-tarski/cbrt/3/cbrt-problem-3-chunk-0036.smt2,0.01,true
./QF_LRA/sal/tgc/tgc_io-nosafe-7.smt2,0.04,false
./QF_LRA/meti-tarski/cbrt/3/cbrt-problem-3-chunk-0035.smt2,0.01,false
./QF_LRA/meti-tarski/cbrt/3/cbrt-problem-3-chunk-0071.smt2,0.01,false
./QF_LRA/meti-tarski/cbrt/3/cbrt-problem-3-chunk-0059.smt2,0.01,false
./QF_LRA/meti-tarski/cbrt/3/cbrt-problem-3-chunk-0057.smt2,0.01,false
./QF_LRA/sal/carpark/Carpark2-t1-4.smt2,0.05,true
./QF_LRA/2017-Heizmann-UltimateInvariantSynthesis/_standard_running.i_4_2_2.bpl_7.smt2,0.04,false
./QF_LRA/meti-tarski/cbrt/3/cbrt-problem-3-chunk-0073.smt2,0.01,false
./QF_LRA/meti-tarski/polypaver/bench-exp-3d/polypaver-bench-exp-3d-chunk-0095.smt2,0.01,false
./QF_LRA/meti-tarski/polypaver/bench-exp-3d/polypaver-bench-exp-3d-chunk-0017.smt2,0.01,true
./QF_LRA/meti-tarski/cbrt/3/cbrt-problem-3-chunk-0047.smt2,0.01,false
./QF_LRA/LassoRanker/CooperatingT2/p-43.t2.c_Iteration5_Loop_7-phaseTemplate.smt2,0.34,false
./QF_LRA/sal/tgc/tgc_io-safe-20.smt2,0.06,false
./QF_LRA/meti-tarski/polypaver/bench-exp-3d/polypaver-bench-exp-3d-chunk-0051.smt2,0.01,true
./QF_LRA/meti-tarski/polypaver/bench-exp-3d/polypaver-bench-exp-3d-chunk-0038.smt2,0.01,true
./QF_LRA/uart/uart-23.induction.cvc.smt2,0.09,false
./QF_LRA/sal/carpark/Carpark2-ausgabe-8.smt2,0.08,false
./QF_LRA/uart/uart-27.induction.cvc.smt2,0.10,false
./QF_LRA/uart/uart-24.induction.cvc.smt2,0.11,false
./QF_LRA/meti-tarski/polypaver/bench-exp-3d/polypaver-bench-exp-3d-chunk-0043.smt2,0.01,true
./QF_LRA/uart/uart-31.induction.cvc.smt2,0.09,false
./QF_LRA/sal/tgc/tgc_io-safe-19.smt2,0.07,false
./QF_LRA/uart/uart-39.induction.cvc.smt2,0.15,false
./QF_LRA/meti-tarski/polypaver/bench-exp-3d/polypaver-bench-exp-3d-chunk-0031.smt2,0.01,false
./QF_LRA/meti-tarski/polypaver/bench-exp-3d/polypaver-bench-exp-3d-chunk-0035.smt2,0.01,false
./QF_LRA/meti-tarski/polypaver/bench-exp-3d/polypaver-bench-exp-3d-chunk-0045.smt2,0.01,false
./QF_LRA/TM/p-1-bucket_s9.smt2,0.41,false
./QF_LRA/meti-tarski/polypaver/bench-exp-3d/polypaver-bench-exp-3d-chunk-0096.smt2,0.01,true
./QF_LRA/uart/uart-40.induction.cvc.smt2,0.13,false
./QF_LRA/meti-tarski/polypaver/bench-exp-3d/polypaver-bench-exp-3d-chunk-0048.smt2,0.01,true
./QF_LRA/uart/uart-28.induction.cvc.smt2,0.12,false
./QF_LRA/meti-tarski/polypaver/bench-exp-3d/polypaver-bench-exp-3d-chunk-0089.smt2,0.01,false
./QF_LRA/sal/tgc/tgc_io-safe-17.smt2,0.08,false
./QF_LRA/meti-tarski/polypaver/bench-exp-3d/polypaver-bench-exp-3d-chunk-0039.smt2,0.01,true
./QF_LRA/2017-Heizmann-UltimateInvariantSynthesis/_standard_init9_ground.i_3_2_2.bpl_7.smt2,0.08,false
./QF_LRA/sal/tgc/tgc_io-safe-18.smt2,0.08,false
./QF_LRA/meti-tarski/polypaver/bench-exp-3d/polypaver-bench-exp-3d-chunk-0103.smt2,0.01,false
./QF_LRA/2017-Heizmann-UltimateInvariantSynthesis/_standard_init7_ground.i_3_2_2.bpl_7.smt2,0.08,false
./QF_LRA/uart/uart-34.induction.cvc.smt2,0.15,false
./QF_LRA/uart/uart-30.induction.cvc.smt2,0.13,false
./QF_LRA/meti-tarski/polypaver/bench-exp-3d/polypaver-bench-exp-3d-chunk-0020.smt2,0.01,true
./QF_LRA/meti-tarski/polypaver/bench-exp-3d/polypaver-bench-exp-3d-chunk-0026.smt2,0.01,true
./QF_LRA/meti-tarski/polypaver/bench-exp-3d/polypaver-bench-exp-3d-chunk-0144.smt2,0.01,false
./QF_LRA/meti-tarski/polypaver/bench-exp-3d/polypaver-bench-exp-3d-chunk-0041.smt2,0.01,true
./QF_LRA/meti-tarski/polypaver/bench-exp-3d/polypaver-bench-exp-3d-chunk-0057.smt2,0.01,true
./QF_LRA/meti-tarski/polypaver/bench-exp-3d/polypaver-bench-exp-3d-chunk-0050.smt2,0.01,false
./QF_LRA/uart/uart-36.induction.cvc.smt2,0.16,false
./QF_LRA/uart/uart-38.induction.cvc.smt2,0.13,false
./QF_LRA/meti-tarski/polypaver/bench-exp-3d/polypaver-bench-exp-3d-chunk-0032.smt2,0.01,true
./QF_LRA/meti-tarski/polypaver/bench-exp-3d/polypaver-bench-exp-3d-chunk-0018.smt2,0.01,false
./QF_LRA/meti-tarski/polypaver/bench-exp-3d/polypaver-bench-exp-3d-chunk-0022.smt2,0.01,true
./QF_LRA/meti-tarski/polypaver/bench-exp-3d/polypaver-bench-exp-3d-chunk-0021.smt2,0.01,true
./QF_LRA/meti-tarski/polypaver/bench-exp-3d/polypaver-bench-exp-3d-chunk-0037.smt2,0.01,true
./QF_LRA/tropical-matrix/constraint-251380.smt2,0.39,false
./QF_LRA/LassoRanker/SV-COMP/LeeJonesBen-Amram-2001POPL-Ex5_true-termination.c_Iteration2_Lasso_6-phaseTemplate.smt2,0.45,false
./QF_LRA/meti-tarski/polypaver/bench-exp-3d/polypaver-bench-exp-3d-chunk-0056.smt2,0.01,true
./QF_LRA/LassoRanker/SV-COMP/LeeJonesBen-Amram-2001POPL-Ex5_true-termination.c_Iteration2_Lasso_7-phaseTemplate.smt2,0.45,false
./QF_LRA/meti-tarski/polypaver/bench-exp-3d/polypaver-bench-exp-3d-chunk-0114.smt2,0.01,true
./QF_LRA/meti-tarski/polypaver/bench-exp-3d/polypaver-bench-exp-3d-chunk-0058.smt2,0.01,true
./QF_LRA/meti-tarski/polypaver/bench-exp-3d/polypaver-bench-exp-3d-chunk-0036.smt2,0.01,true
./QF_LRA/LassoRanker/Ultimate/Gcd_havoc.bpl_Iteration1_Lasso_4-pieceTemplate.smt2,0.45,false
./QF_LRA/meti-tarski/polypaver/bench-exp-3d/polypaver-bench-exp-3d-chunk-0042.smt2,0.01,false
./QF_LRA/meti-tarski/polypaver/bench-exp-3d/polypaver-bench-exp-3d-chunk-0054.smt2,0.01,true
./QF_LRA/meti-tarski/polypaver/bench-exp-3d/polypaver-bench-exp-3d-chunk-0060.smt2,0.01,false
./QF_LRA/meti-tarski/polypaver/bench-exp-3d/polypaver-bench-exp-3d-chunk-0034.smt2,0.01,true
./QF_LRA/meti-tarski/CMOS/CMOS-opamp-chunk-0005.smt2,0.01,true
./QF_LRA/meti-tarski/CMOS/CMOS-opamp-chunk-0010.smt2,0.01,true
./QF_LRA/meti-tarski/CMOS/CMOS-opamp-chunk-0015.smt2,0.01,false
./QF_LRA/meti-tarski/CMOS/CMOS-opamp-chunk-0007.smt2,0.01,true
./QF_LRA/meti-tarski/CMOS/CMOS-opamp-chunk-0008.smt2,0.01,false
./QF_LRA/meti-tarski/CMOS/CMOS-opamp-chunk-0012.smt2,0.01,true
./QF_LRA/meti-tarski/sin/cos/sin-cos-346-b-chunk-0137.smt2,0.01,false
./QF_LRA/meti-tarski/sin/cos/sin-cos-346-b-chunk-0009.smt2,0.01,false
./QF_LRA/tropical-matrix/constraint-223827.smt2,0.44,false
./QF_LRA/meti-tarski/sin/cos/sin-cos-346-b-chunk-0008.smt2,0.01,false
./QF_LRA/meti-tarski/sin/problem/8/sin-problem-8-chunk-0030.smt2,0.01,false
./QF_LRA/meti-tarski/sin/problem/8/sin-problem-8-chunk-0037.smt2,0.01,false
./QF_LRA/meti-tarski/sin/problem/8/weak/sin-problem-8-weak-chunk-0008.smt2,0.02,false
./QF_LRA/meti-tarski/sin/problem/8/weak/sin-problem-8-weak-chunk-0014.smt2,0.01,false
./QF_LRA/LassoRanker/CooperatingT2/sas2.t2.c_Iteration5_Lasso_2-pieceTemplate.smt2,0.47,false
./QF_LRA/meti-tarski/sin/problem/8/weak/sin-problem-8-weak-chunk-0021.smt2,0.01,false
./QF_LRA/meti-tarski/sin/problem/8/weak/sin-problem-8-weak-chunk-0009.smt2,0.01,false
./QF_LRA/meti-tarski/sin/problem/8/weak/sin-problem-8-weak-chunk-0011.smt2,0.01,false
./QF_LRA/meti-tarski/sin/problem/8/weak/sin-problem-8-weak-chunk-0017.smt2,0.01,false
./QF_LRA/meti-tarski/sin/problem/8/weak/sin-problem-8-weak-chunk-0018.smt2,0.01,false
./QF_LRA/meti-tarski/sin/problem/8/weak/sin-problem-8-weak-chunk-0030.smt2,0.01,false
./QF_LRA/meti-tarski/sin/problem/8/weak/sin-problem-8-weak-chunk-0037.smt2,0.01,false
./QF_LRA/LassoRanker/Ultimate/GcdNew.bpl_Iteration1_Lasso_5-phaseTemplate.smt2,0.50,false
./QF_LRA/meti-tarski/sin/problem/8/sin-problem-8-chunk-0011.smt2,0.01,false
./QF_LRA/meti-tarski/sin/problem/7/sin-problem-7-chunk-0065.smt2,0.01,false
./QF_LRA/meti-tarski/sin/problem/7/sin-problem-7-chunk-0014.smt2,0.01,false
./QF_LRA/meti-tarski/sin/problem/7/sin-problem-7-chunk-0040.smt2,0.01,false
./QF_LRA/meti-tarski/sin/problem/7/weak2/sin-problem-7-weak2-chunk-0071.smt2,0.01,false
./QF_LRA/meti-tarski/sin/problem/7/weak2/sin-problem-7-weak2-chunk-0008.smt2,0.01,false
./QF_LRA/meti-tarski/sin/problem/7/weak2/sin-problem-7-weak2-chunk-0022.smt2,0.01,false
./QF_LRA/meti-tarski/sin/problem/7/weak2/sin-problem-7-weak2-chunk-0037.smt2,0.01,false
./QF_LRA/meti-tarski/sin/problem/7/weak2/sin-problem-7-weak2-chunk-0039.smt2,0.01,false
./QF_LRA/LassoRanker/CooperatingT2/sas2.t2.c_Iteration5_Lasso_5-phaseTemplate.smt2,0.51,false
./QF_LRA/meti-tarski/sin/problem/7/weak2/sin-problem-7-weak2-chunk-0090.smt2,0.01,false
./QF_LRA/meti-tarski/sin/problem/7/weak2/sin-problem-7-weak2-chunk-0030.smt2,0.01,false
./QF_LRA/meti-tarski/sin/problem/7/weak2/sin-problem-7-weak2-chunk-0013.smt2,0.01,false
./QF_LRA/meti-tarski/sin/problem/7/weak2/sin-problem-7-weak2-chunk-0027.smt2,0.01,false
./QF_LRA/meti-tarski/sin/problem/7/weak2/sin-problem-7-weak2-chunk-0042.smt2,0.01,false
./QF_LRA/meti-tarski/sin/problem/7/weak2/sin-problem-7-weak2-chunk-0047.smt2,0.01,false
./QF_LRA/meti-tarski/sin/problem/7/weak2/sin-problem-7-weak2-chunk-0004.smt2,0.02,false
./QF_LRA/meti-tarski/sin/problem/7/weak2/sin-problem-7-weak2-chunk-0041.smt2,0.01,false
./QF_LRA/meti-tarski/sin/problem/7/weak2/sin-problem-7-weak2-chunk-0006.smt2,0.01,false
./QF_LRA/tropical-matrix/constraint-343414.smt2,0.51,false
./QF_LRA/meti-tarski/sin/problem/7/weak2/sin-problem-7-weak2-chunk-0028.smt2,0.01,false
./QF_LRA/meti-tarski/sin/problem/7/weak2/sin-problem-7-weak2-chunk-0033.smt2,0.01,false
./QF_LRA/meti-tarski/sin/problem/7/weak2/sin-problem-7-weak2-chunk-0069.smt2,0.01,false
./QF_LRA/meti-tarski/sin/problem/7/weak2/sin-problem-7-weak2-chunk-0021.smt2,0.01,false
./QF_LRA/meti-tarski/sin/problem/7/weak2/sin-problem-7-weak2-chunk-0035.smt2,0.01,false
./QF_LRA/LassoRanker/Ultimate/GcdNew.bpl_Iteration1_Lasso_6-phaseTemplate.smt2,0.56,false
./QF_LRA/meti-tarski/sin/problem/7/weak2/sin-problem-7-weak2-chunk-0067.smt2,0.01,false
./QF_LRA/meti-tarski/sin/problem/7/weak2/sin-problem-7-weak2-chunk-0005.smt2,0.01,false
./QF_LRA/meti-tarski/sin/problem/7/weak2/sin-problem-7-weak2-chunk-0031.smt2,0.01,false
./QF_LRA/meti-tarski/sin/problem/7/weak2/sin-problem-7-weak2-chunk-0032.smt2,0.01,false
./QF_LRA/meti-tarski/sin/problem/7/weak2/sin-problem-7-weak2-chunk-0036.smt2,0.01,false
./QF_LRA/meti-tarski/sin/problem/7/weak2/sin-problem-7-weak2-chunk-0020.smt2,0.01,false
./QF_LRA/meti-tarski/sin/problem/7/weak2/sin-problem-7-weak2-chunk-0034.smt2,0.01,false
./QF_LRA/meti-tarski/sin/problem/7/weak2/sin-problem-7-weak2-chunk-0074.smt2,0.01,false
./QF_LRA/meti-tarski/sin/problem/7/weak2/sin-problem-7-weak2-chunk-0038.smt2,0.01,false
./QF_LRA/meti-tarski/sin/problem/7/weak2/sin-problem-7-weak2-chunk-0016.smt2,0.01,false
./QF_LRA/meti-tarski/sin/problem/7/weak2/sin-problem-7-weak2-chunk-0010.smt2,0.01,false
./QF_LRA/meti-tarski/sin/problem/7/sin-problem-7-chunk-0004.smt2,0.01,false
./QF_LRA/meti-tarski/sin/problem/7/sin-problem-7-chunk-0036.smt2,0.01,false
./QF_LRA/meti-tarski/sin/problem/7/sin-problem-7-chunk-0005.smt2,0.01,false
./QF_LRA/meti-tarski/sin/problem/7/sin-problem-7-chunk-0071.smt2,0.01,false
./QF_LRA/meti-tarski/sin/problem/7/sin-problem-7-chunk-0006.smt2,0.01,false
./QF_LRA/meti-tarski/sin/problem/7/sin-problem-7-chunk-0019.smt2,0.01,false
./QF_LRA/meti-tarski/sin/problem/7/sin-problem-7-chunk-0037.smt2,0.01,false
./QF_LRA/meti-tarski/sin/problem/7/sin-problem-7-chunk-0024.smt2,0.01,false
./QF_LRA/meti-tarski/sin/problem/7/weak/sin-problem-7-weak-chunk-0024.smt2,0.01,false
./QF_LRA/meti-tarski/sin/problem/7/weak/sin-problem-7-weak-chunk-0006.smt2,0.01,false
./QF_LRA/meti-tarski/sin/problem/7/weak/sin-problem-7-weak-chunk-0099.smt2,0.01,false
./QF_LRA/meti-tarski/sin/problem/7/weak/sin-problem-7-weak-chunk-0082.smt2,0.01,false
./QF_LRA/meti-tarski/sin/problem/7/weak/sin-problem-7-weak-chunk-0049.smt2,0.01,false
./QF_LRA/meti-tarski/sin/problem/7/weak/sin-problem-7-weak-chunk-0047.smt2,0.01,false
./QF_LRA/meti-tarski/sin/problem/7/weak/sin-problem-7-weak-chunk-0036.smt2,0.01,false
./QF_LRA/meti-tarski/sin/problem/7/weak/sin-problem-7-weak-chunk-0008.smt2,0.01,false
./QF_LRA/meti-tarski/sin/problem/7/weak/sin-problem-7-weak-chunk-0037.smt2,0.01,false
./QF_LRA/meti-tarski/sin/problem/7/weak/sin-problem-7-weak-chunk-0050.smt2,0.01,false
./QF_LRA/meti-tarski/sin/problem/7/weak/sin-problem-7-weak-chunk-0094.smt2,0.01,false
./QF_LRA/meti-tarski/sin/problem/7/weak/sin-problem-7-weak-chunk-0055.smt2,0.01,false
./QF_LRA/meti-tarski/sin/problem/7/weak/sin-problem-7-weak-chunk-0021.smt2,0.01,false
./QF_LRA/meti-tarski/sin/problem/7/weak/sin-problem-7-weak-chunk-0070.smt2,0.01,false
./QF_LRA/meti-tarski/sin/problem/7/weak/sin-problem-7-weak-chunk-0107.smt2,0.01,false
./QF_LRA/meti-tarski/sin/problem/7/weak/sin-problem-7-weak-chunk-0069.smt2,0.01,false
./QF_LRA/meti-tarski/sin/problem/7/weak/sin-problem-7-weak-chunk-0020.smt2,0.01,false
./QF_LRA/meti-tarski/sin/problem/7/weak/sin-problem-7-weak-chunk-0063.smt2,0.01,false
./QF_LRA/meti-tarski/sin/problem/7/weak/sin-problem-7-weak-chunk-0052.smt2,0.01,false
./QF_LRA/meti-tarski/sin/problem/7/weak/sin-problem-7-weak-chunk-0026.smt2,0.01,false
./QF_LRA/meti-tarski/sin/problem/7/weak/sin-problem-7-weak-chunk-0065.smt2,0.01,false
./QF_LRA/meti-tarski/sin/problem/7/weak/sin-problem-7-weak-chunk-0064.smt2,0.01,false
./QF_LRA/meti-tarski/sin/problem/7/weak/sin-problem-7-weak-chunk-0023.smt2,0.01,false
./QF_LRA/meti-tarski/sin/problem/7/weak/sin-problem-7-weak-chunk-0029.smt2,0.01,false
./QF_LRA/tropical-matrix/constraint-436218.smt2,0.65,false
./QF_LRA/meti-tarski/sin/problem/7/weak/sin-problem-7-weak-chunk-0034.smt2,0.01,false
./QF_LRA/meti-tarski/sin/problem/7/weak/sin-problem-7-weak-chunk-0054.smt2,0.01,false
./QF_LRA/meti-tarski/sin/problem/7/weak/sin-problem-7-weak-chunk-0051.smt2,0.01,false
./QF_LRA/meti-tarski/sin/problem/7/weak/sin-problem-7-weak-chunk-0058.smt2,0.01,false
./QF_LRA/meti-tarski/sin/problem/7/weak/sin-problem-7-weak-chunk-0005.smt2,0.01,false
./QF_LRA/meti-tarski/sin/problem/7/weak/sin-problem-7-weak-chunk-0044.smt2,0.01,false
./QF_LRA/meti-tarski/sin/problem/7/weak/sin-problem-7-weak-chunk-0031.smt2,0.01,false
./QF_LRA/meti-tarski/sin/problem/7/weak/sin-problem-7-weak-chunk-0035.smt2,0.01,false
./QF_LRA/meti-tarski/sin/problem/7/weak/sin-problem-7-weak-chunk-0046.smt2,0.01,false
./QF_LRA/meti-tarski/sin/problem/7/weak/sin-problem-7-weak-chunk-0013.smt2,0.01,false
./QF_LRA/meti-tarski/sin/problem/7/weak/sin-problem-7-weak-chunk-0043.smt2,0.01,false
./QF_LRA/meti-tarski/sin/problem/7/weak/sin-problem-7-weak-chunk-0010.smt2,0.01,false
./QF_LRA/meti-tarski/sin/problem/7/weak/sin-problem-7-weak-chunk-0016.smt2,0.01,false
./QF_LRA/meti-tarski/sin/problem/7/weak/sin-problem-7-weak-chunk-0022.smt2,0.01,false
./QF_LRA/meti-tarski/sin/problem/7/weak/sin-problem-7-weak-chunk-0056.smt2,0.01,false
./QF_LRA/meti-tarski/sin/problem/7/weak/sin-problem-7-weak-chunk-0092.smt2,0.01,false
./QF_LRA/meti-tarski/sin/problem/7/weak/sin-problem-7-weak-chunk-0004.smt2,0.01,false
./QF_LRA/meti-tarski/sin/problem/7/weak/sin-problem-7-weak-chunk-0041.smt2,0.01,false
./QF_LRA/meti-tarski/sin/problem/7/weak/sin-problem-7-weak-chunk-0025.smt2,0.01,false
./QF_LRA/meti-tarski/sin/problem/7/sin-problem-7-chunk-0063.smt2,0.01,false
./QF_LRA/meti-tarski/sin/problem/7/sin-problem-7-chunk-0030.smt2,0.01,false
./QF_LRA/meti-tarski/sin/problem/7/sin-problem-7-chunk-0061.smt2,0.01,false
./QF_LRA/meti-tarski/sin/problem/7/sin-problem-7-chunk-0011.smt2,0.01,false
./QF_LRA/meti-tarski/sin/problem/7/sin-problem-7-chunk-0052.smt2,0.02,false
./QF_LRA/meti-tarski/sin/problem/7/sin-problem-7-chunk-0026.smt2,0.01,false
./QF_LRA/meti-tarski/sin/problem/7/sin-problem-7-chunk-0008.smt2,0.01,false
./QF_LRA/meti-tarski/sin/344/3/sin-344-3-weak-chunk-0012.smt2,0.01,false
./QF_LRA/meti-tarski/sin/344/3/sin-344-3-weak-chunk-0029.smt2,0.01,false
./QF_LRA/meti-tarski/sin/344/3/sin-344-3-chunk-0012.smt2,0.01,false
./QF_LRA/meti-tarski/sqrt/problem/12vars3/sqrt-problem-12vars3-chunk-0018.smt2,0.01,false
./QF_LRA/meti-tarski/sqrt/1mcosq/8/sqrt-1mcosq-8-chunk-0010.smt2,0.01,false
./QF_LRA/meti-tarski/sqrt/1mcosq/8/sqrt-1mcosq-8-chunk-0033.smt2,0.01,false
./QF_LRA/meti-tarski/sqrt/1mcosq/8/sqrt-1mcosq-8-chunk-0417.smt2,0.01,false
./QF_LRA/meti-tarski/sqrt/1mcosq/8/sqrt-1mcosq-8-chunk-0012.smt2,0.02,false
./QF_LRA/meti-tarski/sqrt/1mcosq/8/sqrt-1mcosq-8-chunk-0037.smt2,0.01,false
./QF_LRA/meti-tarski/sqrt/1mcosq/8/sqrt-1mcosq-8-chunk-0011.smt2,0.01,false
./QF_LRA/meti-tarski/sqrt/1mcosq/8/sqrt-1mcosq-8-chunk-0716.smt2,0.01,false
./QF_LRA/meti-tarski/sqrt/1mcosq/7/sqrt-1mcosq-7-chunk-0068.smt2,0.01,false
./QF_LRA/meti-tarski/sqrt/1mcosq/7/sqrt-1mcosq-7-chunk-0059.smt2,0.01,false
./QF_LRA/meti-tarski/sqrt/1mcosq/7/sqrt-1mcosq-7-chunk-0006.smt2,0.01,false
./QF_LRA/meti-tarski/sqrt/1mcosq/7/sqrt-1mcosq-7-chunk-0067.smt2,0.01,false
./QF_LRA/meti-tarski/sqrt/1mcosq/7/sqrt-1mcosq-7-chunk-0120.smt2,0.01,false
./QF_LRA/meti-tarski/sqrt/1mcosq/7/sqrt-1mcosq-7-chunk-0080.smt2,0.01,false
./QF_LRA/meti-tarski/sqrt/1mcosq/7/sqrt-1mcosq-7-chunk-0064.smt2,0.01,false
./QF_LRA/meti-tarski/sqrt/1mcosq/7/sqrt-1mcosq-7-chunk-0065.smt2,0.01,false
./QF_LRA/meti-tarski/sqrt/1mcosq/7/sqrt-1mcosq-7-chunk-0105.smt2,0.01,false
./QF_LRA/meti-tarski/sqrt/1mcosq/7/sqrt-1mcosq-7-chunk-0098.smt2,0.01,false
./QF_LRA/meti-tarski/sqrt/1mcosq/7/sqrt-1mcosq-7-chunk-0107.smt2,0.01,false
./QF_LRA/meti-tarski/sqrt/1mcosq/7/sqrt-1mcosq-7-chunk-0103.smt2,0.01,false
./QF_LRA/meti-tarski/sqrt/1mcosq/7/sqrt-1mcosq-7-chunk-0106.smt2,0.01,false
./QF_LRA/meti-tarski/sqrt/1mcosq/7/sqrt-1mcosq-7-chunk-0008.smt2,0.01,false
./QF_LRA/meti-tarski/sqrt/1mcosq/7/sqrt-1mcosq-7-chunk-0014.smt2,0.01,false
./QF_LRA/meti-tarski/sqrt/1mcosq/7/sqrt-1mcosq-7-chunk-0122.smt2,0.01,false
./QF_LRA/meti-tarski/sqrt/1mcosq/7/sqrt-1mcosq-7-chunk-0058.smt2,0.01,false
./QF_LRA/meti-tarski/sqrt/1mcosq/7/sqrt-1mcosq-7-chunk-0011.smt2,0.01,false
./QF_LRA/meti-tarski/sqrt/1mcosq/7/sqrt-1mcosq-7-chunk-0069.smt2,0.01,false
./QF_LRA/meti-tarski/sqrt/1mcosq/7/sqrt-1mcosq-7-chunk-0101.smt2,0.01,false
./QF_LRA/meti-tarski/sqrt/1mcosq/7/sqrt-1mcosq-7-chunk-0004.smt2,0.01,false
./QF_LRA/meti-tarski/sqrt/1mcosq/7/sqrt-1mcosq-7-chunk-0100.smt2,0.01,false
./QF_LRA/meti-tarski/sqrt/1mcosq/7/sqrt-1mcosq-7-chunk-0092.smt2,0.01,false
./QF_LRA/meti-tarski/sqrt/1mcosq/7/sqrt-1mcosq-7-chunk-0082.smt2,0.01,false
./QF_LRA/meti-tarski/sqrt/1mcosq/7/sqrt-1mcosq-7-chunk-0066.smt2,0.01,false
./QF_LRA/meti-tarski/Chua/1/VC2/U/Chua-1-VC2-U-chunk-0057.smt2,0.01,false
./QF_LRA/meti-tarski/Chua/1/VC2/U/Chua-1-VC2-U-chunk-0023.smt2,0.01,false
./QF_LRA/meti-tarski/Chua/1/VC2/U/Chua-1-VC2-U-chunk-0142.smt2,0.01,false
./QF_LRA/meti-tarski/Chua/1/VC2/U/Chua-1-VC2-U-chunk-0043.smt2,0.01,false
./QF_LRA/meti-tarski/Chua/1/VC2/U/Chua-1-VC2-U-chunk-0028.smt2,0.01,false
./QF_LRA/meti-tarski/Chua/1/VC2/U/Chua-1-VC2-U-chunk-0128.smt2,0.01,false
./QF_LRA/meti-tarski/Chua/1/VC2/U/Chua-1-VC2-U-chunk-0108.smt2,0.01,true
./QF_LRA/meti-tarski/Chua/1/VC2/L/Chua-1-VC2-L-chunk-0035.smt2,0.01,true
./QF_LRA/meti-tarski/Chua/1/VC2/L/Chua-1-VC2-L-chunk-0010.smt2,0.01,true
./QF_LRA/meti-tarski/Chua/1/VC2/L/Chua-1-VC2-L-chunk-0042.smt2,0.01,false
./QF_LRA/meti-tarski/Chua/1/VC2/L/Chua-1-VC2-L-chunk-0011.smt2,0.01,false
./QF_LRA/meti-tarski/Chua/1/VC2/L/Chua-1-VC2-L-chunk-0030.smt2,0.01,true
./QF_LRA/meti-tarski/Chua/1/VC2/L/Chua-1-VC2-L-chunk-0012.smt2,0.01,true
./QF_LRA/meti-tarski/Chua/1/VC2/L/Chua-1-VC2-L-chunk-0005.smt2,0.01,true
./QF_LRA/meti-tarski/Chua/1/VC2/L/Chua-1-VC2-L-chunk-0013.smt2,0.01,false
./QF_LRA/meti-tarski/Chua/1/VC2/L/Chua-1-VC2-L-chunk-0056.smt2,0.01,false
./QF_LRA/meti-tarski/Chua/1/VC2/L/Chua-1-VC2-L-chunk-0008.smt2,0.01,true
./QF_LRA/meti-tarski/Chua/1/VC2/L/Chua-1-VC2-L-chunk-0006.smt2,0.01,false
./QF_LRA/meti-tarski/Chua/1/VC2/L/Chua-1-VC2-L-chunk-0069.smt2,0.01,false
./QF_LRA/meti-tarski/Chua/1/IL/U/Chua-1-IL-U-chunk-0042.smt2,0.01,false
./QF_LRA/meti-tarski/Chua/1/IL/U/Chua-1-IL-U-chunk-0056.smt2,0.01,false
./QF_LRA/meti-tarski/Chua/1/IL/U/Chua-1-IL-U-chunk-0069.smt2,0.01,false
./QF_LRA/meti-tarski/Chua/1/IL/U/Chua-1-IL-U-chunk-0030.smt2,0.01,false
./QF_LRA/meti-tarski/Chua/1/IL/U/Chua-1-IL-U-chunk-0035.smt2,0.01,false
./QF_LRA/meti-tarski/Chua/1/IL/L/Chua-1-IL-L-chunk-0010.smt2,0.01,true
./QF_LRA/meti-tarski/Chua/1/IL/L/Chua-1-IL-L-chunk-0108.smt2,0.01,true
./QF_LRA/meti-tarski/Chua/1/IL/L/Chua-1-IL-L-chunk-0008.smt2,0.01,true
./QF_LRA/meti-tarski/Chua/1/IL/L/Chua-1-IL-L-chunk-0043.smt2,0.01,false
./QF_LRA/meti-tarski/Chua/1/IL/L/Chua-1-IL-L-chunk-0012.smt2,0.02,true
./QF_LRA/meti-tarski/Chua/1/IL/L/Chua-1-IL-L-chunk-0142.smt2,0.01,true
./QF_LRA/meti-tarski/Chua/1/IL/L/Chua-1-IL-L-chunk-0128.smt2,0.01,true
./QF_LRA/meti-tarski/Chua/1/IL/L/Chua-1-IL-L-chunk-0023.smt2,0.01,false
./QF_LRA/meti-tarski/Chua/1/IL/L/Chua-1-IL-L-chunk-0057.smt2,0.01,false
./QF_LRA/meti-tarski/Chua/1/IL/L/Chua-1-IL-L-chunk-0005.smt2,0.01,true
./QF_LRA/meti-tarski/Chua/1/IL/L/Chua-1-IL-L-chunk-0013.smt2,0.01,true
./QF_LRA/meti-tarski/Chua/1/IL/L/Chua-1-IL-L-chunk-0011.smt2,0.01,true
./QF_LRA/meti-tarski/Chua/1/IL/L/Chua-1-IL-L-chunk-0028.smt2,0.01,false
./QF_LRA/meti-tarski/Chua/1/IL/L/Chua-1-IL-L-chunk-0006.smt2,0.01,false
./QF_LRA/meti-tarski/Chua/1/VC1/U/Chua-1-VC1-U-chunk-0035.smt2,0.01,false
./QF_LRA/meti-tarski/Chua/1/VC1/U/Chua-1-VC1-U-chunk-0045.smt2,0.01,false
./QF_LRA/meti-tarski/Chua/1/VC1/U/Chua-1-VC1-U-chunk-0037.smt2,0.01,false
./QF_LRA/meti-tarski/Chua/1/VC1/U/Chua-1-VC1-U-chunk-0071.smt2,0.01,false
./QF_LRA/meti-tarski/Chua/1/VC1/U/Chua-1-VC1-U-chunk-0059.smt2,0.01,false
./QF_LRA/meti-tarski/Chua/1/VC1/L/Chua-1-VC1-L-chunk-0013.smt2,0.01,false
./QF_LRA/meti-tarski/Chua/1/VC1/L/Chua-1-VC1-L-chunk-0028.smt2,0.01,false
./QF_LRA/meti-tarski/Chua/1/VC1/L/Chua-1-VC1-L-chunk-0012.smt2,0.01,false
./QF_LRA/meti-tarski/Chua/1/VC1/L/Chua-1-VC1-L-chunk-0142.smt2,0.01,false
./QF_LRA/meti-tarski/Chua/1/VC1/L/Chua-1-VC1-L-chunk-0023.smt2,0.01,false
./QF_LRA/meti-tarski/Chua/1/VC1/L/Chua-1-VC1-L-chunk-0042.smt2,0.01,false
./QF_LRA/meti-tarski/Chua/1/VC1/L/Chua-1-VC1-L-chunk-0128.smt2,0.01,false
./QF_LRA/meti-tarski/Chua/1/VC1/L/Chua-1-VC1-L-chunk-0058.smt2,0.01,false
./QF_LRA/meti-tarski/Chua/1/VC1/L/Chua-1-VC1-L-chunk-0109.smt2,0.01,false
./QF_LRA/meti-tarski/Chua/2/VC2/L/Chua-2-VC2-L-chunk-0031.smt2,0.01,false
./QF_LRA/meti-tarski/Chua/2/VC2/L/Chua-2-VC2-L-chunk-0048.smt2,0.01,false
./QF_LRA/meti-tarski/Chua/2/VC2/L/Chua-2-VC2-L-chunk-0026.smt2,0.01,false
./QF_LRA/meti-tarski/Chua/2/IL/L/Chua-2-IL-L-chunk-0035.smt2,0.01,false
./QF_LRA/meti-tarski/Chua/2/IL/L/Chua-2-IL-L-chunk-0066.smt2,0.01,false
./QF_LRA/meti-tarski/Chua/2/IL/L/Chua-2-IL-L-chunk-0064.smt2,0.01,false
./QF_LRA/meti-tarski/Chua/2/IL/L/Chua-2-IL-L-chunk-0071.smt2,0.01,false
./QF_LRA/meti-tarski/Chua/2/VC1/L/Chua-2-VC1-L-chunk-0087.smt2,0.01,false
./QF_LRA/meti-tarski/Chua/2/IL/L/Chua-2-IL-L-chunk-0030.smt2,0.01,false
./QF_LRA/meti-tarski/Chua/2/VC1/L/Chua-2-VC1-L-chunk-0082.smt2,0.01,false
./QF_LRA/meti-tarski/Chua/2/VC1/L/Chua-2-VC1-L-chunk-0051.smt2,0.01,false
./QF_LRA/meti-tarski/Chua/2/VC1/L/Chua-2-VC1-L-chunk-0080.smt2,0.01,false
./QF_LRA/meti-tarski/Chua/2/VC1/L/Chua-2-VC1-L-chunk-0046.smt2,0.01,false
./QF_LRA/meti-tarski/atan/problem/1/weak/atan-problem-1-weak-chunk-0021.smt2,0.01,false
./QF_LRA/meti-tarski/atan/problem/1/weak/atan-problem-1-weak-chunk-0019.smt2,0.01,false
./QF_LRA/meti-tarski/atan/problem/1/atan-problem-1-chunk-0015.smt2,0.01,false
./QF_LRA/meti-tarski/atan/problem/1/atan-problem-1-chunk-0031.smt2,0.01,false
./QF_LRA/meti-tarski/atan/problem/2/weak2/atan-problem-2-weak2-chunk-0017.smt2,0.01,false
./QF_LRA/meti-tarski/atan/problem/2/weak2/atan-problem-2-weak2-chunk-0034.smt2,0.01,false
./QF_LRA/meti-tarski/atan/problem/2/weak2/atan-problem-2-weak2-chunk-0031.smt2,0.01,false
./QF_LRA/meti-tarski/atan/problem/2/weak2/atan-problem-2-weak2-chunk-0038.smt2,0.01,false
./QF_LRA/meti-tarski/atan/problem/2/weak2/atan-problem-2-weak2-chunk-0121.smt2,0.01,false
./QF_LRA/meti-tarski/atan/problem/2/weak2/atan-problem-2-weak2-chunk-0107.smt2,0.01,false
./QF_LRA/meti-tarski/atan/problem/2/weak2/atan-problem-2-weak2-chunk-0129.smt2,0.01,false
./QF_LRA/meti-tarski/atan/problem/2/weak2/atan-problem-2-weak2-chunk-0052.smt2,0.01,false
./QF_LRA/meti-tarski/atan/problem/2/weak2/atan-problem-2-weak2-chunk-0119.smt2,0.01,false
./QF_LRA/meti-tarski/atan/problem/2/weak2/atan-problem-2-weak2-chunk-0014.smt2,0.01,false
./QF_LRA/meti-tarski/atan/problem/2/weak2/atan-problem-2-weak2-chunk-0054.smt2,0.01,true
./QF_LRA/meti-tarski/atan/problem/2/weak2/atan-problem-2-weak2-chunk-0005.smt2,0.01,true
./QF_LRA/meti-tarski/atan/problem/2/weak2/atan-problem-2-weak2-chunk-0081.smt2,0.01,false
./QF_LRA/meti-tarski/atan/problem/2/weak2/atan-problem-2-weak2-chunk-0051.smt2,0.01,false
./QF_LRA/meti-tarski/atan/problem/2/weak2/atan-problem-2-weak2-chunk-0127.smt2,0.01,false
./QF_LRA/meti-tarski/atan/problem/2/weak2/atan-problem-2-weak2-chunk-0084.smt2,0.01,true
./QF_LRA/meti-tarski/atan/problem/2/weak2/atan-problem-2-weak2-chunk-0026.smt2,0.01,false
./QF_LRA/meti-tarski/atan/problem/2/weak2/atan-problem-2-weak2-chunk-0035.smt2,0.01,false
./QF_LRA/meti-tarski/atan/problem/2/weak2/atan-problem-2-weak2-chunk-0116.smt2,0.01,false
./QF_LRA/meti-tarski/atan/problem/2/weak2/atan-problem-2-weak2-chunk-0033.smt2,0.01,false
./QF_LRA/meti-tarski/atan/problem/2/weak2/atan-problem-2-weak2-chunk-0060.smt2,0.01,false
./QF_LRA/meti-tarski/atan/problem/2/weak2/atan-problem-2-weak2-chunk-0104.smt2,0.01,false
./QF_LRA/meti-tarski/atan/problem/2/weak2/atan-problem-2-weak2-chunk-0004.smt2,0.01,false
./QF_LRA/meti-tarski/atan/problem/2/weak2/atan-problem-2-weak2-chunk-0062.smt2,0.01,false
./QF_LRA/meti-tarski/atan/problem/2/weak2/atan-problem-2-weak2-chunk-0076.smt2,0.01,false
./QF_LRA/meti-tarski/Arthan/1A/Arthan1A-chunk-0015.smt2,0.01,false
./QF_LRA/meti-tarski/atan/problem/2/weak/atan-problem-2-weak-chunk-0200.smt2,0.01,false
./QF_LRA/meti-tarski/atan/problem/2/weak/atan-problem-2-weak-chunk-0203.smt2,0.01,false
./QF_LRA/meti-tarski/Arthan/1A/Arthan1A-chunk-0016.smt2,0.01,false
./QF_LRA/meti-tarski/bottom-plate-mixer/bottom-plate-mixer-chunk-0034.smt2,0.01,false
./QF_LRA/meti-tarski/bottom-plate-mixer/bottom-plate-mixer-chunk-0022.smt2,0.01,false
./QF_LRA/meti-tarski/bottom-plate-mixer/bottom-plate-mixer-chunk-0008.smt2,0.02,true
./QF_LRA/meti-tarski/bottom-plate-mixer/bottom-plate-mixer-chunk-0005.smt2,0.01,false
./QF_LRA/meti-tarski/bottom-plate-mixer/bottom-plate-mixer-chunk-0051.smt2,0.01,true
./QF_LRA/meti-tarski/bottom-plate-mixer/bottom-plate-mixer-chunk-0035.smt2,0.01,true
./QF_LRA/meti-tarski/bottom-plate-mixer/bottom-plate-mixer-chunk-0012.smt2,0.01,true
./QF_LRA/meti-tarski/bottom-plate-mixer/bottom-plate-mixer-chunk-0019.smt2,0.01,false
./QF_LRA/meti-tarski/bottom-plate-mixer/bottom-plate-mixer-chunk-0053.smt2,0.01,true
./QF_LRA/meti-tarski/bottom-plate-mixer/bottom-plate-mixer-chunk-0011.smt2,0.01,false
./QF_LRA/meti-tarski/bottom-plate-mixer/bottom-plate-mixer-chunk-0006.smt2,0.01,false
./QF_LRA/meti-tarski/bottom-plate-mixer/bottom-plate-mixer-chunk-0014.smt2,0.01,false
./QF_LRA/meti-tarski/bottom-plate-mixer/bottom-plate-mixer-chunk-0017.smt2,0.01,false
./QF_LRA/tta_startup/simple_startup_12nodes.missing.induct.smt2,0.05,false
./QF_LRA/tta_startup/simple_startup_12nodes.bug.induct.smt2,0.05,false
./QF_LRA/tta_startup/simple_startup_14nodes.missing.induct.smt2,0.05,false
./QF_LRA/tta_startup/simple_startup_14nodes.bug.induct.smt2,0.06,false
./QF_LRA/tta_startup/simple_startup_15nodes.bug.induct.smt2,0.06,false
./QF_LRA/2019-ezsmt/blending/29.smt2,0.06,false
./QF_LRA/2019-ezsmt/blending/24.smt2,0.06,false
./QF_LRA/2019-ezsmt/blending/25.smt2,0.06,false
./QF_LRA/2019-ezsmt/blending/input01.txt.smt2,0.05,false
./QF_LRA/2019-ezsmt/blending/11.smt2,0.06,false
./QF_LRA/2019-ezsmt/blending/27.smt2,0.05,false
./QF_LRA/tta_startup/simple_startup_15nodes.abstract.induct.smt2,0.08,false
./QF_LRA/2019-ezsmt/blending/2.smt2,0.06,false
./QF_LRA/tta_startup/simple_startup_15nodes.missing.induct.smt2,0.09,false
./QF_LRA/2019-ezsmt/blending/28.smt2,0.06,false
./QF_LRA/2019-ezsmt/blending/22.smt2,0.09,false
./QF_LRA/2019-ezsmt/blending/20.smt2,0.06,false
./QF_LRA/2019-ezsmt/blending/7.smt2,0.06,false
./QF_LRA/2019-ezsmt/blending/12.smt2,0.09,false
./QF_LRA/2019-ezsmt/blending/18.smt2,0.06,false
./QF_LRA/2019-ezsmt/blending/26.smt2,0.06,false
./QF_LRA/2019-ezsmt/blending/21.smt2,0.06,false
./QF_LRA/2019-ezsmt/blending/23.smt2,0.09,false
./QF_LRA/2019-ezsmt/blending/19.smt2,0.08,false
./QF_LRA/2019-ezsmt/blending/17.smt2,0.07,false
./QF_LRA/2019-ezsmt/blending/15.smt2,0.08,false
./QF_LRA/latendresse/ecoliMILPglycerolYices3-5000.smt2,0.26,false
