soft_float_3a.c.cil.c_3.smt2,0.04,timeout,300,300,0
ps6.c_6.smt2,0.06,timeout,300,300,0
divbin2.c_5.smt2,10.03,timeout,300,300,0
divbin2.c_3.smt2,10.03,timeout,300.01,300.01,0
interleave_bits.c_1.smt2,0.05,timeout,300,300,0
egcd.c_4.smt2,10.06,timeout,300.01,300.01,0
hard-ll.c_0.smt2,0.37,timeout,300,300,0
hard-ll.c_3.smt2,1.87,timeout,300,300,0
ps6.c_10.smt2,0.07,timeout,300,300,0
ps4-ll.c_4.smt2,0.03,timeout,300,300,0
interleave_bits.c_2.smt2,0.03,unsat,0.6,0.6,0
divbin2.c_9.smt2,10.03,timeout,300,300,0
egcd.c_1.smt2,10.06,timeout,300.01,300.01,0
ps5-ll.c_2.smt2,0.11,timeout,300,300,0
interleave_bits.c_4.smt2,0.08,sat,12.8,0.09,1
ps4-ll.c_11.smt2,0.03,timeout,300.01,300.01,0
cohencu.c_2.smt2,0.03,timeout,300.01,300.01,0
ps5-ll.c_12.smt2,0.08,timeout,300,300,0
ps6.c_13.smt2,0.06,timeout,300,300,0
egcd.c_0.smt2,10.15,timeout,300.01,300.01,0
ps4-ll.c_0.smt2,0.02,timeout,300,300,0
egcd.c_3.smt2,10.06,timeout,300.02,300.02,0
ps6.c_2.smt2,0.07,timeout,300.01,300.01,0
divbin2.c_4.smt2,10.03,timeout,300.01,300.01,0
hard.c_3.smt2,0.03,timeout,300,300,0
jain_7-2.c_3.smt2,7.27,timeout,300.02,300.02,0
interleave_bits.c_3.smt2,0.04,sat,7.15,0.04,1
ps5-ll.c_5.smt2,0.09,timeout,300,300,0
ps4-ll.c_13.smt2,0.03,timeout,300,300,0
divbin2.c_7.smt2,10.03,timeout,300.01,300.01,0
ps6.c_12.smt2,0.06,timeout,300,300,0
egcd.c_5.smt2,10.12,timeout,300.01,300.01,0
divbin2.c_6.smt2,10.04,timeout,300.01,300.01,0
ps6.c_0.smt2,0.06,timeout,300,300,0
jain_5-2.c_0.smt2,0.28,sat,0.02,0.28,1
ps4-ll.c_10.smt2,0.03,timeout,300,300,0
soft_float_3a.c.cil.c_0.smt2,0.03,timeout,300,300,0
cohencu.c_4.smt2,0.03,timeout,300.01,300.01,0
ps6.c_8.smt2,0.11,timeout,300,300,0
ps5-ll.c_0.smt2,0.07,timeout,300,300,0
ps5-ll.c_11.smt2,0.08,timeout,300,300,0
ps4-ll.c_5.smt2,0.03,timeout,300,300,0
ps4-ll.c_2.smt2,0.03,timeout,300,300,0
nested5-2.c_0.smt2,0.26,unsat,1.24,1.24,0
soft_float_3a.c.cil.c_5.smt2,0.03,timeout,300,300,0
ps6.c_7.smt2,0.07,timeout,300.01,300.01,0
hard.c_2.smt2,0.03,timeout,300.01,300.01,0
ps5-ll.c_4.smt2,0.29,timeout,300,300,0
ps4-ll.c_12.smt2,0.03,timeout,300.01,300.01,0
ps5-ll.c_13.smt2,0.08,timeout,300,300,0
hard-ll.c_1.smt2,0.33,timeout,300,300,0
soft_float_3a.c.cil.c_4.smt2,0.03,timeout,300,300,0
divbin2.c_8.smt2,10.03,timeout,300,300,0
hard-ll.c_4.smt2,0.35,timeout,300,300,0
ps5-ll.c_10.smt2,0.08,timeout,300,300,0
hard-ll.c_2.smt2,1.51,timeout,300,300,0
ps6.c_11.smt2,0.06,timeout,300,300,0
ps5-ll.c_3.smt2,0.08,timeout,300,300,0
twisted-alloca_true-termination.c.i_Iteration2_Lasso+nonterminationTemplate.smt2,1.54,unsat,0.49,0.49,0
Ben-Amram-2010LMCS-Ex2.3-alloca_true-termination.c.i_Iteration4_Lasso+nonterminationTemplate.smt2,0.25,unsat,0.13,0.13,0
linear_sea.ch_true-unreach-call.i_164.smt2,0.03,unsat,0.01,0.01,0
b.07-alloca_true-termination.c.i_Iteration2_Lasso+nonterminationTemplate.smt2,2.12,unsat,0.54,0.54,0
openbsd_cstpncpy-alloca_true-termination.c.i_Iteration1_Lasso+nonterminationTemplate.smt2,0.47,unsat,0.12,0.12,0
linear_sea.ch_true-unreach-call.i_162.smt2,0.03,unsat,0.01,0.01,0
a.06-alloca_true-termination.c.i_Iteration1_Lasso+nonterminationTemplate.smt2,1.68,unsat,0.51,0.51,0
Avery-2006FLOPS-Tabel1_true-alloca_true-termination.c.i_Iteration2_Lasso+nonterminationTemplate.smt2,1.69,unsat,0.49,0.49,0
PodelskiRybalchenko-2004VMCAI-Ex2-alloca_false-termination.c.i_Iteration1_Lasso+nonterminationTemplate.smt2,0.01,sat,0.02,0.01,1
b.15-alloca_true-termination.c.i_Iteration4_Lasso+nonterminationTemplate.smt2,2.18,unsat,0.57,0.57,0
a.07-alloca_true-termination.c.i_Iteration2_Lasso+nonterminationTemplate.smt2,2.31,unsat,0.58,0.58,0
diff-alloca_true-termination.c.i_Iteration7_Lasso+nonterminationTemplate.smt2,0.56,unsat,0.2,0.2,0
linear_sea.ch_true-unreach-call.i_75.smt2,0.02,unsat,0.01,0.01,0
BradleyMannaSipma-2005ICALP-Fig1-alloca_unknown-termination.c.i_Iteration1_Lasso+nonterminationTemplate.smt2,0.06,sat,0.03,0.06,1
substring-alloca_true-termination.c.i_Iteration5_Lasso+nonterminationTemplate.smt2,0.4,unsat,0.16,0.16,0
openbsd_cstrstr-alloca_true-termination.c.i_Iteration8_Lasso+nonterminationTemplate.smt2,1.98,unsat,0.44,0.44,0
flag-alloca_true-termination.c.i_Iteration1_Lasso+nonterminationTemplate.smt2,4.12,unsat,0.81,0.81,0
CookSeeZuleger-2013TACAS-Fig7a-alloca_true-termination.c.i_Iteration8_Lasso+nonterminationTemplate.smt2,0.43,unsat,0.14,0.14,0
Masse-alloca_true-termination.c.i_Iteration1_Lasso+nonterminationTemplate.smt2,0.01,unsat,0.08,0.08,0
c.03-alloca_true-termination.c.i_Iteration1_Lasso+nonterminationTemplate.smt2,2.32,unsat,0.52,0.52,0
b.17-alloca_true-termination.c.i_Iteration2_Lasso+nonterminationTemplate.smt2,2.38,unsat,0.54,0.54,0
HarrisLalNoriRajamani-2010SAS-Fig2-alloca_unknown-termination.c.i_Iteration2_Lasso+nonterminationTemplate.smt2,0.04,sat,0.03,0.04,1
LarrazOliverasRodriguez-CarbonellRubio-2013FMCAD-Fig1-alloca_unknown-termination.c.i_Iteration7_Lasso+nonterminationTemplate.smt2,0.31,unsat,0.1,0.1,0
Urban-2013WST-Fig1-alloca_false-termination.c.i_Iteration1_Lasso+nonterminationTemplate.smt2,0.01,sat,0.02,0.01,1
BradleyMannaSipma-2005CAV-Fig1-alloca_unknown-termination.c.i_Iteration5_Lasso+nonterminationTemplate.smt2,0.38,unsat,1.16,1.16,0
Velroyen-alloca_false-termination.c.i_Iteration2_Lasso+nonterminationTemplate.smt2,0.01,sat,0.02,0.01,1
LarrazOliverasRodriguez-CarbonellRubio-2013FMCAD-Fig1-alloca_unknown-termination.c.i_Iteration6_Lasso+nonterminationTemplate.smt2,0.34,unsat,0.13,0.13,0
b.13-alloca_true-termination.c.i_Iteration1_Lasso+nonterminationTemplate.smt2,1.99,unsat,0.44,0.44,0
ChenFlurMukhopadhyay-2012SAS-Fig1-alloca_true-termination.c.i_Iteration1_Lasso+nonterminationTemplate.smt2,0.18,unsat,0.1,0.1,0
java_AG313-alloca_true-termination.c.i_Iteration2_Lasso+nonterminationTemplate.smt2,0.51,unsat,0.16,0.16,0
linear_sea.ch_true-unreach-call.i_163.smt2,0.03,unsat,0.01,0.01,0
BradleyMannaSipma-2005CAV-Fig1-modified-alloca_unknown-termination.c.i_Iteration1_Lasso+nonterminationTemplate.smt2,0.05,sat,0.05,0.05,0
BrockschmidtCookFuhs-2013CAV-Fig1-alloca_true-termination.c.i_Iteration3_Lasso+nonterminationTemplate.smt2,0.19,unsat,0.07,0.07,0
linear_sea.ch_true-unreach-call.i_77.smt2,0.03,unsat,0.01,0.01,0
b.09-no-inv_assume-alloca_true-termination.c.i_Iteration4_Lasso+nonterminationTemplate.smt2,0.45,unsat,0.13,0.13,0
LarrazOliverasRodriguez-CarbonellRubio-2013FMCAD-Fig1-alloca_unknown-termination.c.i_Iteration4_Lasso+nonterminationTemplate.smt2,0.27,unsat,0.24,0.24,0
gauss_sum_true-unreach-call.i.smt2,3.51,unsat,0.14,0.14,0
GulwaniJainKoskinen-2009PLDI-Fig1-alloca_true-termination.c.i_Iteration3_Lasso+nonterminationTemplate.smt2,0.48,unsat,0.18,0.18,0
linear_sea.ch_true-unreach-call.i_76.smt2,0.03,unsat,0.01,0.01,0
